原始流派名称,当前代码处理结果,建议合并后简体流派名称,处理建议,理由,人工确认
3D,3D,3D,保留,已是简体中文或通用规格/专名，建议保留,
３P,３P,多P,翻译/合并,与“３P、3P・4P、3P、4P”等统一为同一简体流派,
3P・4P,多P,多P,翻译/合并,与“３P、3P・4P、3P、4P”等统一为同一简体流派,
3P,3P,多P,翻译/合并,与“３P、3P・4P、3P、4P”等统一为同一简体流派,
4P,4P,多P,翻译/合并,与“３P、3P・4P、3P、4P”等统一为同一简体流派,
4人性爱,4人性爱,多P,翻译/合并,与“３P、3P・4P、3P、4P”等统一为同一简体流派,
4時間以上作品,4小时以上作品,4小时以上作品,翻译/合并,与“4時間以上作品、4小时以上作品、4小時以上作品”统一为同一简体流派,
4小时以上作品,4小时以上作品,4小时以上作品,保留,已是简体中文或通用规格/专名，建议保留,
4小時以上作品,4小时以上作品,4小时以上作品,简体/写法统一,与“4時間以上作品、4小时以上作品、4小時以上作品”统一为同一简体流派,
4K,4K,4K,保留,已是简体中文或通用规格/专名，建议保留,
8K VR,8K VR,8K VR,保留,已是简体中文或通用规格/专名，建议保留,
8KVR,8K VR,8K VR,翻译/合并,与“8K VR、8KVR”统一为同一简体流派,
10代,10代,10多岁,翻译/合并,翻译为简体中文或修正不自然写法,
10英寸以上,10英寸以上,10英寸以上,保留,已是简体中文或通用规格/专名，建议保留,
16时间以上作品,16时间以上作品,16时间以上作品,保留,已是简体中文或通用规格/专名，建议保留,
18歳以上,18歳以上,18岁以上,简体/写法统一,繁体、日文汉字或全角写法统一为简体/半角形式,
30多岁,30多岁,30多岁,保留,已是简体中文或通用规格/专名，建议保留,
40多岁,40多岁,40多岁,保留,已是简体中文或通用规格/专名，建议保留,
60fps,60fps,60fps,保留,已是简体中文或通用规格/专名，建议保留,
69,69,69,保留,已是简体中文或通用规格/专名，建议保留,
1080p,1080p,1080p,保留,已是简体中文或通用规格/专名，建议保留,
阿姨,阿姨,阿姨,保留,已是简体中文或通用规格/专名，建议保留,
艾曼纽,艾曼纽,艾曼纽,保留,已是简体中文或通用规格/专名，建议保留,
爱情旅馆,爱情旅馆,爱情旅馆,保留,已是简体中文或通用规格/专名，建议保留,
按摩,按摩,按摩,保留,已是简体中文或通用规格/专名，建议保留,
按摩棒,按摩棒,按摩棒,保留,已是简体中文或通用规格/专名，建议保留,
傲娇,傲娇,傲娇,保留,已是简体中文或通用规格/专名，建议保留,
奥斯曼株式会社,奥斯曼株式会社,奥斯曼公司,翻译/合并,日文公司类型整体翻译为简体中文标签,已确认
白虎,白虎,无毛,翻译/合并,语义或来源可能有歧义，建议结合实际影片样本确认,需确认
白目・失神,翻白眼与晕厥,翻白眼与晕厥,翻译/合并,与“白目・失神、翻白眼与晕厥”统一为同一简体流派,
白人,白人,白人,保留,已是简体中文或通用规格/专名，建议保留,
白人女優,白人,白人,翻译/合并,与“白人、白人女優”统一为同一简体流派,
白色内裤,白色内裤,白色内裤,保留,已是简体中文或通用规格/专名，建议保留,
白天出軌,白天出軌,出轨,翻译/合并,与“白天出軌、不倫、不忠、出轨”等统一为同一简体流派,
白皙肌肤,白皙肌肤,白皙肌肤,保留,已是简体中文或通用规格/专名，建议保留,
搬家,搬家,搬家,保留,已是简体中文或通用规格/专名，建议保留,
办公室,办公室,办公室,保留,已是简体中文或通用规格/专名，建议保留,
伴侣,伴侣,伴侣,保留,已是简体中文或通用规格/专名，建议保留,
绑缚,绑缚,捆绑,翻译/合并,与“绑缚、縛り・緊縛、龟甲捆绑、紧缚”等统一为同一简体流派,
薄码,薄码,薄码,保留,已是简体中文或通用规格/专名，建议保留,
薄馬賽克,薄码,薄码,翻译/合并,与“薄码、薄馬賽克、ギリモザ”统一为同一简体流派,
保守,保守,保守,保留,语义或来源可能有歧义，建议结合实际影片样本确认,需确认
报复,报复,报复,保留,已是简体中文或通用规格/专名，建议保留,
暴露服装,暴露服装,暴露服装,保留,已是简体中文或通用规格/专名，建议保留,
暴露癖,暴露癖,暴露癖,保留,已是简体中文或通用规格/专名，建议保留,
爆乳,巨乳,巨乳,翻译/合并,与“爆乳、巨乳、巨乳｜、巨乳爆乳”统一为同一简体流派,
卑猥,卑猥,猥亵,翻译/合并,翻译为简体中文或修正不自然写法,
背部骑乘位,背部骑乘位,逆骑乘位,翻译/合并,与“背部骑乘位、逆骑乘位”统一为同一简体流派,
背后插入,背后插入,后入式,翻译/合并,与“背后插入、后背位、后入式、バック”统一为同一简体流派,
鼻钩,鼻钩,鼻钩,保留,已是简体中文或通用规格/专名，建议保留,
鼻フック,鼻钩,鼻钩,翻译/合并,与“鼻钩、鼻フック”统一为同一简体流派,
比基尼,比基尼,比基尼,保留,已是简体中文或通用规格/专名，建议保留,
彼女,彼女,女友,翻译/合并,翻译为简体中文或修正不自然写法,
筆,筆,笔,翻译/合并,翻译为简体中文或修正不自然写法,
鞭子,鞭子,鞭子,保留,已是简体中文或通用规格/专名，建议保留,
变态,变态,变态,保留,已是简体中文或通用规格/专名，建议保留,
変身ヒロイン,超级女英雄,超级女英雄,翻译/合并,繁体、日文汉字或全角写法统一为简体/半角形式,
変態,変態,变态,简体/写法统一,与“变态、変態”统一为同一简体流派,
變性者,跨性别/变性者,跨性别/变性者,翻译/合并,与“變性者、跨性别/变性者、ニューハーフ”统一为同一简体流派,
病院・クリニック,医院/诊所,医院/诊所,翻译/合并,与“病院・クリニック、医院/诊所”统一为同一简体流派,
不穿内裤,不穿内裤,不穿内裤,保留,已是简体中文或通用规格/专名，建议保留,
不穿胸罩,不穿胸罩,不穿胸罩,保留,已是简体中文或通用规格/专名，建议保留,
不倫,出轨,出轨,翻译/合并,与“白天出軌、不倫、不忠、出轨”等统一为同一简体流派,
不忠,不忠,出轨,翻译/合并,与“白天出軌、不倫、不忠、出轨”等统一为同一简体流派,
部活・マネージャー,社团经理,社团经理,翻译/合并,与“部活・マネージャー、社团经理”统一为同一简体流派,
部下・同僚,下属与同事,下属与同事,翻译/合并,与“部下・同僚、下属与同事”统一为同一简体流派,
采访,采访,采访,保留,已是简体中文或通用规格/专名，建议保留,
残酷画面,残酷画面,残酷画面,保留,已是简体中文或通用规格/专名，建议保留,
残虐表現,残酷画面,残酷画面,翻译/合并,与“残酷画面、残虐表現、殘忍畫面”统一为同一简体流派,
殘忍畫面,残酷画面,残酷画面,翻译/合并,与“残酷画面、残虐表現、殘忍畫面”统一为同一简体流派,
侧位内射,侧位内射,侧位内射,保留,已是简体中文或通用规格/专名，建议保留,
厕所,厕所,厕所,保留,已是简体中文或通用规格/专名，建议保留,
叉开双腿,叉开双腿,叉开双腿,保留,已是简体中文或通用规格/专名，建议保留,
挿入,挿入,插入,简体/写法统一,繁体、日文汉字或全角写法统一为简体/半角形式,
插入潮吹,插入潮吹,插入潮吹,保留,已是简体中文或通用规格/专名，建议保留,
超乳,超乳,超乳,保留,已是简体中文或通用规格/专名，建议保留,
超VIP,超VIP,VIP,翻译/合并,与“超VIP、VIP”统一为同一简体流派,
潮吹,潮吹,潮吹,保留,已是简体中文或通用规格/专名，建议保留,
潮吹き,潮吹,潮吹,翻译/合并,与“潮吹、潮吹き”统一为同一简体流派,
车内,车内,车内,保留,已是简体中文或通用规格/专名，建议保留,
车内性爱,车内性爱,车内性爱,保留,已是简体中文或通用规格/专名，建议保留,
车站性交,车站性交,车站性交,保留,已是简体中文或通用规格/专名，建议保留,
车掌小姐,车掌小姐,车掌小姐,保留,已是简体中文或通用规格/专名，建议保留,
車,車,汽车,翻译/合并,翻译为简体中文或修正不自然写法,
成熟的女人,熟女,熟女,翻译/合并,与“成熟的女人、美熟女、熟女”统一为同一简体流派,
痴漢,性骚扰,性骚扰,翻译/合并,与“痴漢、电车痴汉、性骚扰、性騷擾”统一为同一简体流派,
痴女,痴女,痴女,保留,已是简体中文或通用规格/专名，建议保留,
出道,出道,出道,保留,已是简体中文或通用规格/专名，建议保留,
出轨,出轨,出轨,保留,已是简体中文或通用规格/专名，建议保留,
出轨/不忠,出轨/不忠,出轨,翻译/合并,与“白天出軌、不倫、不忠、出轨”等统一为同一简体流派,
出軌,绿帽,出轨,调整现有映射,当前会处理为“绿帽”，建议修正语义或与同义项统一,
初撮り,初次拍摄,初次拍摄,翻译/合并,翻译为简体中文或修正不自然写法,
初登場,初登场,出道,翻译/合并,与“出道、初登場、处女作、首次亮相”等统一为同一简体流派,
初体验,初体验,初体验,保留,已是简体中文或通用规格/专名，建议保留,
厨房,厨房,厨房,保留,已是简体中文或通用规格/专名，建议保留,
処女,处女,处女,简体/写法统一,与“処女、处女、處女”统一为同一简体流派,
处男,处男,处男,保留,已是简体中文或通用规格/专名，建议保留,
处女,处女,处女,保留,已是简体中文或通用规格/专名，建议保留,
处女作,处女作,出道,翻译/合并,与“出道、初登場、处女作、首次亮相”等统一为同一简体流派,
處男,处男,处男,简体/写法统一,与“处男、處男、童貞”统一为同一简体流派,
處女,处女,处女,简体/写法统一,与“処女、处女、處女”统一为同一简体流派,
触手,触手,触手,保留,已是简体中文或通用规格/专名，建议保留,
传奇女优,传奇女优,传奇女优,保留,已是简体中文或通用规格/专名，建议保留,
床,床,床,保留,已是简体中文或通用规格/专名，建议保留,
床上性爱,床上性爱,床上性爱,保留,已是简体中文或通用规格/专名，建议保留,
粗暴,粗暴,粗暴,保留,已是简体中文或通用规格/专名，建议保留,
粗大按摩棒,粗大按摩棒,按摩棒,保留,已是简体中文或通用规格/专名，建议保留,
催眠,催眠,催眠,保留,已是简体中文或通用规格/专名，建议保留,
催情剂,催情剂,催情剂,保留,已是简体中文或通用规格/专名，建议保留,
搭讪,搭讪,搭讪,保留,已是简体中文或通用规格/专名，建议保留,
打底裤,打底裤,打底裤,保留,已是简体中文或通用规格/专名，建议保留,
打飞机,打飞机,自慰,翻译/合并,与“打飞机、打飛機、打手槍、淫荡手淫”等统一为同一简体流派,
打飛機,打飛機,自慰,翻译/合并,与“打飞机、打飛機、打手槍、淫荡手淫”等统一为同一简体流派,
打屁股,打屁股,打屁股,保留,已是简体中文或通用规格/专名，建议保留,
打手槍,手交,自慰,调整现有映射,当前会处理为“手交”，建议修正语义或与同义项统一,
打桩机,打桩机,打桩机,保留,已是简体中文或通用规格/专名，建议保留,
大屁股,大屁股,大屁股,保留,已是简体中文或通用规格/专名，建议保留,
大叔,大叔,大叔,保留,已是简体中文或通用规格/专名，建议保留,
单人女性,单人女性,单人女性,保留,已是简体中文或通用规格/专名，建议保留,
单体作品,单体作品,单体作品,保留,已是简体中文或通用规格/专名，建议保留,
単体作品,单体作品,单体作品,翻译/合并,与“单体作品、単体作品、單體作品”统一为同一简体流派,
單體作品,单体作品,单体作品,简体/写法统一,与“单体作品、単体作品、單體作品”统一为同一简体流派,
旦那,旦那,丈夫,翻译/合并,与“旦那、丈夫”统一为同一简体流派,
蕩婦,淫乱,淫乱,翻译/合并,与“蕩婦、花癡、淫乱、淫乱・ハード系”等统一为同一简体流派,
倒追,倒追,倒追,保留,已是简体中文或通用规格/专名，建议保留,
盗撮・のぞき,偷窥,偷窥,翻译/合并,与“盗撮・のぞき、偷窥”统一为同一简体流派,
地下室,地下室,地下室,保留,已是简体中文或通用规格/专名，建议保留,
第一人称视角,第一人称视角,第一视角,翻译/合并,与“第一人称视角、第一人稱攝影、第一视角、主观视角”等统一为同一简体流派,
第一人稱攝影,第一视角,第一视角,翻译/合并,与“第一人称视角、第一人稱攝影、第一视角、主观视角”等统一为同一简体流派,
第一视角,第一视角,第一视角,保留,已是简体中文或通用规格/专名，建议保留,
电车痴汉,电车痴汉,性骚扰,翻译/合并,与“痴漢、电车痴汉、性骚扰、性騷擾”统一为同一简体流派,
电动按摩棒,电动按摩棒,按摩棒,保留,已是简体中文或通用规格/专名，建议保留,
电动按摩器,电动按摩器,按摩棒,翻译/合并,与“电动按摩棒、电动按摩器、電マ、女優按摩棒”统一为同一简体流派,
电动阳具,电动阳具,电动阳具,保留,已是简体中文或通用规格/专名，建议保留,
店员,店员,店员,保留,已是简体中文或通用规格/专名，建议保留,
電話,電話,电话,简体/写法统一,繁体、日文汉字或全角写法统一为简体/半角形式,
電マ,电动按摩棒,按摩棒,翻译/合并,与“电动按摩棒、电动按摩器、電マ、女優按摩棒”统一为同一简体流派,
吊袜带,吊袜带,吊袜带,保留,已是简体中文或通用规格/专名，建议保留,
调教,调教,调教,保留,已是简体中文或通用规格/专名，建议保留,
調教,调教,调教,翻译/合并,与“调教、調教”统一为同一简体流派,
調教・奴隷,性奴,性奴,翻译/合并,与“調教・奴隷、性奴”统一为同一简体流派,
丁字裤,丁字裤,丁字裤,保留,已是简体中文或通用规格/专名，建议保留,
丁字褲,丁字褲,丁字裤,简体/写法统一,与“丁字裤、丁字褲”统一为同一简体流派,
动漫,动漫,动漫,保留,已是简体中文或通用规格/专名，建议保留,
独立制作,独立制作,独立制作,保留,已是简体中文或通用规格/专名，建议保留,
独占配信,DMM独家,DMM独家,翻译/合并,与“独占配信、DMM独家、DMM獨家、DMM配信限定”统一为同一简体流派,
独佔動画,独佔動画,独家视频,翻译/合并,繁体、日文汉字或全角写法统一为简体/半角形式,
堵嘴·喜剧,堵嘴·喜剧,堵嘴,翻译/合并,与“堵嘴·喜剧、口塞”统一为同一简体流派,
短发,短发,短发,保留,已是简体中文或通用规格/专名，建议保留,
短裤,短裤,短裤,保留,已是简体中文或通用规格/专名，建议保留,
多集,多集,多集,保留,已是简体中文或通用规格/专名，建议保留,
多毛,多毛,多毛,保留,已是简体中文或通用规格/专名，建议保留,
多人,多人,多P,翻译/合并,与“３P、3P・4P、3P、4P”等统一为同一简体流派,
多人口交,多人口交,多人口交,保留,已是简体中文或通用规格/专名，建议保留,
多重提出する,多重提出する,多次射精,翻译/合并,语义或来源可能有歧义，建议结合实际影片样本确认,需确认
多P,多P,多P,保留,已是简体中文或通用规格/专名，建议保留,
恶作剧,恶作剧,恶作剧,保留,已是简体中文或通用规格/专名，建议保留,
惡作劇,恶作剧,恶作剧,翻译/合并,与“恶作剧、惡作劇、イタズラ”统一为同一简体流派,
二度射精,二度射精,二次射精,翻译/合并,翻译为简体中文或修正不自然写法,
二穴挿入,二穴挿入,双穴同插,翻译/合并,与“二穴挿入、二穴同插、二穴同入、アナルマンコ同時挿入”统一为同一简体流派,
二穴同插,二穴同插,双穴同插,翻译/合并,与“二穴挿入、二穴同插、二穴同入、アナルマンコ同時挿入”统一为同一简体流派,
二穴同入,二穴同入,双穴同插,翻译/合并,与“二穴挿入、二穴同插、二穴同入、アナルマンコ同時挿入”统一为同一简体流派,
翻白眼与晕厥,翻白眼与晕厥,翻白眼与晕厥,保留,已是简体中文或通用规格/专名，建议保留,
烦恼,烦恼,烦恼,保留,已是简体中文或通用规格/专名，建议保留,
房间,房间,房间,保留,已是简体中文或通用规格/专名，建议保留,
訪问,訪问,探访,翻译/合并,繁体、日文汉字或全角写法统一为简体/半角形式,
放尿,放尿,放尿,保留,已是简体中文或通用规格/专名，建议保留,
放尿・失禁,小便/尿失禁,小便/尿失禁,翻译/合并,与“放尿・失禁、小便/尿失禁”统一为同一简体流派,
放置,放置,放置,保留,已是简体中文或通用规格/专名，建议保留,
粉红,粉红,粉红,保留,已是简体中文或通用规格/专名，建议保留,
粉嫩阴部,粉嫩阴部,粉嫩阴部,保留,已是简体中文或通用规格/专名，建议保留,
粉丝答谢,粉丝答谢,粉丝答谢,保留,已是简体中文或通用规格/专名，建议保留,
粪便,粪便,粪便,保留,已是简体中文或通用规格/专名，建议保留,
丰满,丰满,丰满,保留,已是简体中文或通用规格/专名，建议保留,
丰满/微胖,丰满/微胖,丰满/微胖,保留,已是简体中文或通用规格/专名，建议保留,
风格出众,风格出众,风格出众,保留,语义或来源可能有歧义，建议结合实际影片样本确认,需确认
风呂,风呂,浴室,翻译/合并,与“风呂、浴室、お風呂”统一为同一简体流派,
风俗/泡泡浴,风俗/泡泡浴,风俗/泡泡浴,保留,已是简体中文或通用规格/专名，建议保留,
风俗娘/性工作者,风俗娘/性工作者,风俗娘/性工作者,保留,已是简体中文或通用规格/专名，建议保留,
風俗,风俗娘/性工作者,风俗娘/性工作者,翻译/合并,与“风俗娘/性工作者、風俗、妓女、キャバ嬢・風俗嬢”统一为同一简体流派,
服务生,服务生,服务生,保留,已是简体中文或通用规格/专名，建议保留,
服務生,服务生,服务生,翻译/合并,与“服务生、服務生、ウェイトレス”统一为同一简体流派,
福袋,福袋,福袋,保留,已是简体中文或通用规格/专名，建议保留,
附赠特典(AV),附赠特典(AV),附赠特典(AV),保留,已是简体中文或通用规格/专名，建议保留,
复古,复古,复古,保留,已是简体中文或通用规格/专名，建议保留,
复刻版,复刻版,复刻版,保留,已是简体中文或通用规格/专名，建议保留,
複数話,多集,多集,翻译/合并,与“多集、複数話”统一为同一简体流派,
縛り・緊縛,捆绑,捆绑,翻译/合并,与“绑缚、縛り・緊縛、龟甲捆绑、紧缚”等统一为同一简体流派,
覆面・マスク,蒙面,蒙面,翻译/合并,与“覆面・マスク、蒙面”统一为同一简体流派,
感谢祭,感谢祭,粉丝答谢,翻译/合并,与“粉丝答谢、感谢祭、ファン感謝・訪問”统一为同一简体流派,
肛交,肛交,肛交,保留,已是简体中文或通用规格/专名，建议保留,
肛门,肛门,肛门,保留,已是简体中文或通用规格/专名，建议保留,
肛门假阳具,肛门假阳具,肛门假阳具,保留,已是简体中文或通用规格/专名，建议保留,
肛门指法,肛门指法,肛门指法,保留,已是简体中文或通用规格/专名，建议保留,
肛门自慰,肛门自慰,肛门自慰,保留,已是简体中文或通用规格/专名，建议保留,
肛内中出,肛交,肛交,翻译/合并,与“肛交、肛内中出、アナル、アナル中出し”等统一为同一简体流派,
高,高挑,高挑,翻译/合并,与“高、高个子、高挑、長身”统一为同一简体流派,
高潮,高潮,高潮,保留,已是简体中文或通用规格/专名，建议保留,
高个子,高挑,高挑,翻译/合并,与“高、高个子、高挑、長身”统一为同一简体流派,
高跟鞋,高跟鞋,高跟鞋,保留,已是简体中文或通用规格/专名，建议保留,
高畫質,高清,高清,翻译/合并,与“高畫質、高清、ハイビジョン、フルハイビジョン(FHD)”统一为同一简体流派,
高领毛衣,高领毛衣,高领毛衣,保留,已是简体中文或通用规格/专名，建议保留,
高品质VR,高品质VR,高品质VR,保留,已是简体中文或通用规格/专名，建议保留,
高清,高清,高清,保留,已是简体中文或通用规格/专名，建议保留,
高手,高手,高手,保留,语义或来源可能有歧义，建议结合实际影片样本确认,需确认
高挑,高挑,高挑,保留,已是简体中文或通用规格/专名，建议保留,
高中女生,高中女生,高中女生,保留,已是简体中文或通用规格/专名，建议保留,
格斗,格斗,格斗,保留,已是简体中文或通用规格/专名，建议保留,
格鬥家,格斗,格斗,翻译/合并,与“格斗、格鬥家、アクション・格闘”统一为同一简体流派,
个室,个室,单间,翻译/合并,翻译为简体中文或修正不自然写法,
各種職業,职业角色,职业角色,翻译/合并,与“各種職業、职业角色、職業色々”统一为同一简体流派,
给女性观众,给女性观众,给女性观众,保留,已是简体中文或通用规格/专名，建议保留,
給女性觀眾,给女性观众,给女性观众,翻译/合并,与“给女性观众、給女性觀眾、女性向け”统一为同一简体流派,
公共场所,公共场所,公共场所,保留,已是简体中文或通用规格/专名，建议保留,
公司,公司,公司,保留,已是简体中文或通用规格/专名，建议保留,
勾引,勾引,诱惑,翻译/合并,与“勾引、诱惑、誘惑”统一为同一简体流派,
购物,购物,购物,保留,已是简体中文或通用规格/专名，建议保留,
故事集,故事集,故事集,保留,已是简体中文或通用规格/专名，建议保留,
寡妇,寡妇,寡妇,保留,已是简体中文或通用规格/专名，建议保留,
寡婦,寡妇,寡妇,简体/写法统一,与“寡妇、寡婦、未亡人”统一为同一简体流派,
灌肠,灌肠,灌肠,保留,已是简体中文或通用规格/专名，建议保留,
灌腸,灌肠,灌肠,翻译/合并,与“灌肠、灌腸、浣腸”统一为同一简体流派,
龟甲捆绑,龟甲捆绑,捆绑,翻译/合并,与“绑缚、縛り・緊縛、龟甲捆绑、紧缚”等统一为同一简体流派,
鬼畜,粗暴,粗暴,翻译/合并,与“粗暴、鬼畜”统一为同一简体流派,
跪姿,跪姿,跪姿,保留,已是简体中文或通用规格/专名，建议保留,
國外進口,海外进口,海外进口,翻译/合并,与“國外進口、海外进口、洋ピン・海外輸入”统一为同一简体流派,
海外进口,海外进口,海外进口,保留,已是简体中文或通用规格/专名，建议保留,
含润滑液,含润滑液,含润滑液,保留,已是简体中文或通用规格/专名，建议保留,
汗流浃背,汗流浃背,汗流浃背,保留,已是简体中文或通用规格/专名，建议保留,
汗だく,汗流浃背,汗流浃背,翻译/合并,与“汗流浃背、汗だく、流汗”统一为同一简体流派,
喝酒,喝酒,饮酒,翻译/合并,翻译为简体中文或修正不自然写法,
喝口水,喝口水,吞精,翻译/合并,语义或来源可能有歧义，建议结合实际影片样本确认,需确认
合集,合集,合集,保留,已是简体中文或通用规格/专名，建议保留,
合作作品,合作作品,合作作品,保留,已是简体中文或通用规格/专名，建议保留,
和风,和风,日式,翻译/合并,翻译为简体中文或修正不自然写法,
和服,和服,和服,保留,已是简体中文或通用规格/专名，建议保留,
和服・喪服,和服·丧服,和服/丧服,调整现有映射,当前会处理为“和服·丧服”，建议修正语义或与同义项统一,
和服・浴衣,和服/浴衣,和服/浴衣,翻译/合并,与“和服・浴衣、和服/浴衣、着物・浴衣”统一为同一简体流派,
"和服,喪服","和服,喪服",和服/丧服,翻译/合并,"与“和服・喪服、和服,喪服、和服·丧服”统一为同一简体流派",
和服·丧服,和服/浴衣,和服/丧服,翻译/合并,"与“和服・喪服、和服,喪服、和服·丧服”统一为同一简体流派",
和服/浴衣,和服/浴衣,和服/浴衣,保留,已是简体中文或通用规格/专名，建议保留,
和室,和室,日式房间,翻译/合并,翻译为简体中文或修正不自然写法,
黒髪,黑发,黑发,翻译/合并,与“黒髪、黑发、黑髮”统一为同一简体流派,
黒人男優,黑人演员,黑人演员,翻译/合并,与“黒人男優、黑人演员、黑人演員”统一为同一简体流派,
黑暗系,黑暗系,黑暗系,保留,已是简体中文或通用规格/专名，建议保留,
黑暗系統,黑暗系,黑暗系,翻译/合并,与“黑暗系、黑暗系統、ダーク系”统一为同一简体流派,
黑发,黑发,黑发,保留,已是简体中文或通用规格/专名，建议保留,
黑髮,黑髮,黑发,简体/写法统一,与“黒髪、黑发、黑髮”统一为同一简体流派,
黑人,黑人,黑人,保留,已是简体中文或通用规格/专名，建议保留,
黑人演员,黑人演员,黑人演员,保留,已是简体中文或通用规格/专名，建议保留,
黑人演員,黑人演员,黑人演员,翻译/合并,与“黒人男優、黑人演员、黑人演員”统一为同一简体流派,
黑色过膝袜,黑色过膝袜,黑色过膝袜,保留,已是简体中文或通用规格/专名，建议保留,
黑色丝袜,黑色丝袜,黑色丝袜,保留,已是简体中文或通用规格/专名，建议保留,
黑色长发,黑色长发,黑色长发,保留,已是简体中文或通用规格/专名，建议保留,
黑色长直发,黑色长直发,黑色长直发,保留,已是简体中文或通用规格/专名，建议保留,
黑色直发,黑色直发,黑色直发,保留,已是简体中文或通用规格/专名，建议保留,
后背位,后背位,后入式,翻译/合并,与“背后插入、后背位、后入式、バック”统一为同一简体流派,
后宫,后宫,后宫,保留,已是简体中文或通用规格/专名，建议保留,
后入内射,后入内射,后入内射,保留,已是简体中文或通用规格/专名，建议保留,
后入式,后入式,后入式,保留,已是简体中文或通用规格/专名，建议保留,
户外,户外,户外,保留,已是简体中文或通用规格/专名，建议保留,
护士,护士,护士,保留,已是简体中文或通用规格/专名，建议保留,
花癡,淫乱,淫乱,翻译/合并,与“蕩婦、花癡、淫乱、淫乱・ハード系”等统一为同一简体流派,
花嫁,新娘,新娘,翻译/合并,与“花嫁、花嫁・若妻、新娘”统一为同一简体流派,
花嫁・若妻,新娘,新娘,翻译/合并,与“花嫁、花嫁・若妻、新娘”统一为同一简体流派,
幻想,幻想,幻想,保留,已是简体中文或通用规格/专名，建议保留,
换妻俱乐部,换妻俱乐部,交换伴侣,翻译/合并,与“换妻俱乐部、交换伴侣、スワッピング・夫婦交換”统一为同一简体流派,
浣腸,灌肠,灌肠,翻译/合并,与“灌肠、灌腸、浣腸”统一为同一简体流派,
混血,混血,混血,保留,已是简体中文或通用规格/专名，建议保留,
混血美女,混血美女,混血,翻译/合并,与“混血、混血美女”统一为同一简体流派,
肌肉,肌肉,肌肉,保留,已是简体中文或通用规格/专名，建议保留,
及膝袜,及膝袜,及膝袜,保留,已是简体中文或通用规格/专名，建议保留,
及膝襪,及膝袜,及膝袜,翻译/合并,与“及膝袜、及膝襪、ニーソックス”统一为同一简体流派,
即ハメ,立即性爱,立即性爱,翻译/合并,与“即ハメ、立即口交、立即性爱”统一为同一简体流派,
极小比基尼,极小比基尼,极小比基尼,保留,已是简体中文或通用规格/专名，建议保留,
纪录片,纪录片,纪录片,保留,已是简体中文或通用规格/专名，建议保留,
妓女,风俗娘/性工作者,风俗娘/性工作者,翻译/合并,与“风俗娘/性工作者、風俗、妓女、キャバ嬢・風俗嬢”统一为同一简体流派,
继母/义母,继母/义母,继母/义母,保留,已是简体中文或通用规格/专名，建议保留,
家教,家庭教师,家庭教师,翻译/合并,与“家教、家庭教师、家庭教師”统一为同一简体流派,
家庭幻想,家庭幻想,家庭幻想,保留,已是简体中文或通用规格/专名，建议保留,
家庭教师,家庭教师,家庭教师,保留,已是简体中文或通用规格/专名，建议保留,
家庭教師,家庭教师,家庭教师,简体/写法统一,与“家教、家庭教师、家庭教師”统一为同一简体流派,
家政妇,家政妇,家政妇,保留,已是简体中文或通用规格/专名，建议保留,
家中,家中,家中,保留,已是简体中文或通用规格/专名，建议保留,
假阳具,假阳具,假阳具,保留,已是简体中文或通用规格/专名，建议保留,
尖叫,尖叫,尖叫,保留,已是简体中文或通用规格/专名，建议保留,
监禁,监禁,监禁,保留,已是简体中文或通用规格/专名，建议保留,
監禁,监禁,监禁,翻译/合并,与“监禁、監禁”统一为同一简体流派,
检查,检查,检查,保留,已是简体中文或通用规格/专名，建议保留,
健身,健身,健身,保留,已是简体中文或通用规格/专名，建议保留,
健身房,健身房,健身房,保留,已是简体中文或通用规格/专名，建议保留,
讲师,讲师,讲师,保留,已是简体中文或通用规格/专名，建议保留,
講師,讲师,讲师,翻译/合并,与“讲师、講師、インストラクター”统一为同一简体流派,
交换伴侣,交换伴侣,交换伴侣,保留,已是简体中文或通用规格/专名，建议保留,
娇小,娇小,娇小,保留,已是简体中文或通用规格/专名，建议保留,
胶带,胶带,胶带,保留,已是简体中文或通用规格/专名，建议保留,
嬌小的,娇小,娇小,翻译/合并,与“娇小、嬌小的、瘦小身型、ミニ系・小柄”统一为同一简体流派,
角色扮演,角色扮演,角色扮演,保留,已是简体中文或通用规格/专名，建议保留,
脚,脚,脚,保留,已是简体中文或通用规格/专名，建议保留,
脚フェチ,腿控,腿控,翻译/合并,与“脚フェチ、戀腿癖、腿控”统一为同一简体流派,
教师,教师,教师,保留,已是简体中文或通用规格/专名，建议保留,
教学,教学,教学,保留,已是简体中文或通用规格/专名，建议保留,
接待员,接待员,接待员,保留,已是简体中文或通用规格/专名，建议保留,
接吻,接吻,接吻,保留,已是简体中文或通用规格/专名，建议保留,
姐姐,轻熟女/姐姐,轻熟女/姐姐,翻译/合并,与“姐姐、轻熟女/姐姐、お姉さん”统一为同一简体流派,
姐妹,姐妹,姐妹,保留,已是简体中文或通用规格/专名，建议保留,
介绍/预告,介绍/预告,介绍/预告,保留,已是简体中文或通用规格/专名，建议保留,
介紹影片,介绍/预告,介绍/预告,翻译/合并,与“介绍/预告、介紹影片”统一为同一简体流派,
借款,借款,借款,保留,已是简体中文或通用规格/专名，建议保留,
金发,金发,金发,保留,已是简体中文或通用规格/专名，建议保留,
金发妈妈,金发妈妈,金发妈妈,保留,已是简体中文或通用规格/专名，建议保留,
筋肉,肌肉,肌肉,翻译/合并,与“肌肉、筋肉”统一为同一简体流派,
仅限流媒体播放,仅限流媒体播放,仅限流媒体播放,保留,已是简体中文或通用规格/专名，建议保留,
紧缚,捆绑,捆绑,翻译/合并,与“绑缚、縛り・緊縛、龟甲捆绑、紧缚”等统一为同一简体流派,
紧身裙,紧身裙,紧身裙,保留,已是简体中文或通用规格/专名，建议保留,
紧身衣,紧身衣,紧身衣,保留,已是简体中文或通用规格/专名，建议保留,
緊縛,捆绑,捆绑,翻译/合并,与“绑缚、縛り・緊縛、龟甲捆绑、紧缚”等统一为同一简体流派,
緊身衣,紧身衣,紧身衣,简体/写法统一,与“紧身衣、緊身衣、レオタード”统一为同一简体流派,
近親相姦,乱伦,乱伦,翻译/合并,与“近親相姦、乱伦、亂倫”统一为同一简体流派,
经期,经期,经期,保留,已是简体中文或通用规格/专名，建议保留,
精选合集,精选合集,合集,调整现有映射,当前会处理为“精选合集”，建议修正语义或与同义项统一,
精液,精液,精液,保留,已是简体中文或通用规格/专名，建议保留,
精饮,精饮,吞精,翻译/合并,与“喝口水、精饮、吞精、ごっくん”统一为同一简体流派,
精致身材,精致身材,完美身材,翻译/合并,与“精致身材、完美身材”统一为同一简体流派,
痉挛,痉挛,痉挛,保留,已是简体中文或通用规格/专名，建议保留,
競泳・スクール水着,学校泳装,学校泳装,翻译/合并,与“競泳・スクール水着、学校泳装、學校泳裝”统一为同一简体流派,
酒店,酒店,酒店,保留,已是简体中文或通用规格/专名，建议保留,
酒店风俗女,酒店风俗女,酒店风俗女,保留,已是简体中文或通用规格/专名，建议保留,
拘束,捆绑,捆绑,翻译/合并,与“绑缚、縛り・緊縛、龟甲捆绑、紧缚”等统一为同一简体流派,
局部特写,局部特写,局部特写,保留,已是简体中文或通用规格/专名，建议保留,
局部特寫,局部特写,局部特写,简体/写法统一,与“局部特写、局部特寫、局部アップ”统一为同一简体流派,
局部アップ,局部特写,局部特写,翻译/合并,与“局部特写、局部特寫、局部アップ”统一为同一简体流派,
巨大假阳具,巨大假阳具,巨大假阳具,保留,已是简体中文或通用规格/专名，建议保留,
巨根,巨根,巨根,保留,已是简体中文或通用规格/专名，建议保留,
巨尻,巨臀,巨臀,翻译/合并,与“巨尻、巨臀”统一为同一简体流派,
巨乳,巨乳,巨乳,保留,已是简体中文或通用规格/专名，建议保留,
巨乳｜,巨乳｜,巨乳,翻译/合并,与“爆乳、巨乳、巨乳｜、巨乳爆乳”统一为同一简体流派,
巨乳爆乳,巨乳爆乳,巨乳,翻译/合并,与“爆乳、巨乳、巨乳｜、巨乳爆乳”统一为同一简体流派,
巨乳恋物,巨乳恋物,巨乳恋物,保留,已是简体中文或通用规格/专名，建议保留,
巨乳妈妈,巨乳妈妈,巨乳妈妈,保留,已是简体中文或通用规格/专名，建议保留,
巨乳フェチ,巨乳恋物,巨乳恋物,翻译/合并,与“巨乳恋物、巨乳フェチ”统一为同一简体流派,
巨臀,巨臀,巨臀,保留,已是简体中文或通用规格/专名，建议保留,
剧情,剧情,剧情,保留,已是简体中文或通用规格/专名，建议保留,
卷发,卷发,卷发,保留,已是简体中文或通用规格/专名，建议保留,
开腿姿势,开腿姿势,开腿,翻译/合并,与“开腿姿势、開脚”统一为同一简体流派,
開脚,開脚,开腿,翻译/合并,与“开腿姿势、開脚”统一为同一简体流派,
看護婦・ナース,护士,护士,翻译/合并,与“护士、看護婦・ナース”统一为同一简体流派,
尻フェチ,臀部,臀部,翻译/合并,与“尻フェチ、屁股、臀部、お尻”统一为同一简体流派,
拷問,折磨,折磨,翻译/合并,与“拷問、折磨”统一为同一简体流派,
科幻,科幻,科幻,保留,已是简体中文或通用规格/专名，建议保留,
可爱,可爱,可爱,保留,已是简体中文或通用规格/专名，建议保留,
可爱日本人,可爱日本人,可爱日本人,保留,已是简体中文或通用规格/专名，建议保留,
客人,客人,客人,保留,已是简体中文或通用规格/专名，建议保留,
空姐,空姐,空姐,保留,已是简体中文或通用规格/专名，建议保留,
空中小姐,空姐,空姐,翻译/合并,与“空姐、空中小姐、スチュワーデス”统一为同一简体流派,
恐怖,恐怖,恐怖,保留,已是简体中文或通用规格/专名，建议保留,
口爆,口爆,口爆,保留,已是简体中文或通用规格/专名，建议保留,
口交,口交,口交,保留,已是简体中文或通用规格/专名，建议保留,
口交/射精,口交/射精,口交/射精,保留,已是简体中文或通用规格/专名，建议保留,
口交/颜射,口交/颜射,口交/颜射,保留,已是简体中文或通用规格/专名，建议保留,
口内発射,口内射精,口内射精,翻译/合并,与“口内発射、口内射精”统一为同一简体流派,
口内射精,口内射精,口内射精,保留,已是简体中文或通用规格/专名，建议保留,
口塞,口塞,堵嘴,翻译/合并,与“堵嘴·喜剧、口塞”统一为同一简体流派,
跨性别/变性者,跨性别/变性者,跨性别/变性者,保留,已是简体中文或通用规格/专名，建议保留,
捆绑,捆绑,捆绑,保留,已是简体中文或通用规格/专名，建议保留,
捆綁,捆綁,捆绑,简体/写法统一,与“绑缚、縛り・緊縛、龟甲捆绑、紧缚”等统一为同一简体流派,
扩张,扩张,扩张,保留,已是简体中文或通用规格/专名，建议保留,
扩张穴,扩张穴,扩张穴,保留,已是简体中文或通用规格/专名，建议保留,
蜡烛,蜡烛,蜡烛,保留,已是简体中文或通用规格/专名，建议保留,
蝋燭,蜡烛,蜡烛,翻译/合并,与“蜡烛、蝋燭”统一为同一简体流派,
辣妹,辣妹,辣妹,保留,已是简体中文或通用规格/专名，建议保留,
啦啦队,啦啦队,啦啦队,保留,已是简体中文或通用规格/专名，建议保留,
蓝领,蓝领,蓝领,保留,已是简体中文或通用规格/专名，建议保留,
烂醉如泥的,烂醉如泥的,烂醉如泥的,保留,已是简体中文或通用规格/专名，建议保留,
滥交,滥交,滥交,保留,已是简体中文或通用规格/专名，建议保留,
濫交,滥交,滥交,翻译/合并,与“滥交、濫交、乱交”统一为同一简体流派,
爛醉如泥的,烂醉如泥的,烂醉如泥的,翻译/合并,与“烂醉如泥的、爛醉如泥的”统一为同一简体流派,
浪叫,浪叫,淫叫,翻译/合并,翻译为简体中文或修正不自然写法,
浪漫喜剧,浪漫喜剧,浪漫喜剧,保留,已是简体中文或通用规格/专名，建议保留,
立即口交,立即性爱,立即性爱,翻译/合并,与“即ハメ、立即口交、立即性爱”统一为同一简体流派,
立即骑乘,立即骑乘,立即骑乘,保留,已是简体中文或通用规格/专名，建议保留,
立即性爱,立即性爱,立即性爱,保留,已是简体中文或通用规格/专名，建议保留,
连裤袜/丝袜,连裤袜/丝袜,连裤袜/丝袜,保留,已是简体中文或通用规格/专名，建议保留,
连续内射,连续内射,连续内射,保留,已是简体中文或通用规格/专名，建议保留,
连续无套中出,连续无套中出,连续无套中出,保留,已是简体中文或通用规格/专名，建议保留,
连续颜射,连续颜射,连续颜射,保留,已是简体中文或通用规格/专名，建议保留,
连续中出,连续中出,连续中出,保留,已是简体中文或通用规格/专名，建议保留,
连衣裙,连衣裙,连衣裙,保留,已是简体中文或通用规格/专名，建议保留,
連褲襪,连裤袜/丝袜,连裤袜/丝袜,翻译/合并,与“连裤袜/丝袜、連褲襪、パンスト”统一为同一简体流派,
恋爱/情侣,恋爱/情侣,恋爱/情侣,保留,已是简体中文或通用规格/专名，建议保留,
恋愛,恋爱/情侣,恋爱/情侣,翻译/合并,与“恋爱/情侣、恋愛、戀愛、情侶”等统一为同一简体流派,
恋乳癖,恋乳癖,恋乳癖,保留,已是简体中文或通用规格/专名，建议保留,
恋物癖,恋物癖,恋物癖,保留,已是简体中文或通用规格/专名，建议保留,
戀愛,恋爱/情侣,恋爱/情侣,翻译/合并,与“恋爱/情侣、恋愛、戀愛、情侶”等统一为同一简体流派,
戀乳癖,恋乳癖,恋乳癖,简体/写法统一,与“恋乳癖、戀乳癖”统一为同一简体流派,
戀腿癖,腿控,腿控,翻译/合并,与“脚フェチ、戀腿癖、腿控”统一为同一简体流派,
猎艳,猎艳,猎艳,保留,已是简体中文或通用规格/专名，建议保留,
獵豔,猎艳,猎艳,翻译/合并,与“猎艳、獵豔、ナンパ”统一为同一简体流派,
邻居,邻居,邻居,保留,已是简体中文或通用规格/专名，建议保留,
淋浴,淋浴,淋浴,保留,已是简体中文或通用规格/专名，建议保留,
凌辱,凌辱,凌辱,保留,已是简体中文或通用规格/专名，建议保留,
流汗,流汗,汗流浃背,翻译/合并,与“汗流浃背、汗だく、流汗”统一为同一简体流派,
六九式,六九式,69,翻译/合并,与“69、六九式、シックスナイン”统一为同一简体流派,
露肩毛衣,露肩毛衣,露肩毛衣,保留,已是简体中文或通用规格/专名，建议保留,
露乳,露乳,露乳,保留,已是简体中文或通用规格/专名，建议保留,
旅行,旅行,旅行,保留,已是简体中文或通用规格/专名，建议保留,
绿帽,绿帽,绿帽,保留,已是简体中文或通用规格/专名，建议保留,
乱交,滥交,滥交,翻译/合并,与“滥交、濫交、乱交”统一为同一简体流派,
乱伦,乱伦,乱伦,保留,已是简体中文或通用规格/专名，建议保留,
亂倫,乱伦,乱伦,翻译/合并,与“近親相姦、乱伦、亂倫”统一为同一简体流派,
轮奸,轮奸,轮奸,保留,已是简体中文或通用规格/专名，建议保留,
輪姦,轮奸,轮奸,简体/写法统一,与“轮奸、輪姦”统一为同一简体流派,
輪姦中出し,輪奸中出し,轮奸内射,翻译/合并,繁体、日文汉字或全角写法统一为简体/半角形式,
萝莉,萝莉,萝莉,保留,已是简体中文或通用规格/专名，建议保留,
萝莉塔,萝莉塔,萝莉塔,保留,已是简体中文或通用规格/专名，建议保留,
蘿莉塔,萝莉塔,萝莉塔,翻译/合并,与“萝莉塔、蘿莉塔、ロリ、ロリ系”统一为同一简体流派,
裸体袜子,裸体袜子,裸体袜子,保留,已是简体中文或通用规格/专名，建议保留,
裸体围裙,裸体围裙,裸体围裙,保留,已是简体中文或通用规格/专名，建议保留,
裸體圍裙,裸体围裙,裸体围裙,简体/写法统一,与“裸体围裙、裸體圍裙、裸围裙、裸エプロン”统一为同一简体流派,
裸围裙,裸围裙,裸体围裙,翻译/合并,与“裸体围裙、裸體圍裙、裸围裙、裸エプロン”统一为同一简体流派,
裸エプロン,裸体围裙,裸体围裙,翻译/合并,与“裸体围裙、裸體圍裙、裸围裙、裸エプロン”统一为同一简体流派,
妈妈朋友,妈妈朋友,妈妈朋友,保留,已是简体中文或通用规格/专名，建议保留,
媽媽,媽媽,母亲,翻译/合并,与“媽媽、母亲、母親、お母さん”统一为同一简体流派,
马尾,马尾,马尾,保留,已是简体中文或通用规格/专名，建议保留,
罵倒,辱骂/责骂,辱骂/责骂,翻译/合并,与“罵倒、辱骂/责骂”统一为同一简体流派,
蠻橫嬌羞,傲娇,傲娇,翻译/合并,与“傲娇、蠻橫嬌羞、ツンデレ”统一为同一简体流派,
满口,满口,满口,保留,已是简体中文或通用规格/专名，建议保留,
猫耳女,猫耳女,猫耳女,保留,已是简体中文或通用规格/专名，建议保留,
猫眼,猫眼,猫眼,保留,已是简体中文或通用规格/专名，建议保留,
毛衣,毛衣,毛衣,保留,已是简体中文或通用规格/专名，建议保留,
美白,美白,美白,保留,已是简体中文或通用规格/专名，建议保留,
美肌,美肌,美肌,保留,已是简体中文或通用规格/专名，建议保留,
美脚,美腿,美腿,翻译/合并,与“美脚、美腿”统一为同一简体流派,
美尻,美臀,美臀,翻译/合并,与“美尻、美臀、漂亮屁股”统一为同一简体流派,
美女,美女,美女,保留,已是简体中文或通用规格/专名，建议保留,
美人,美人,美女,翻译/合并,与“美女、美人”统一为同一简体流派,
美容院,美容院/按摩,美容院/按摩,翻译/合并,与“美容院、美容院/按摩、エステ、エステ・マッサージ”统一为同一简体流派,
美容院/按摩,美容院/按摩,美容院/按摩,保留,已是简体中文或通用规格/专名，建议保留,
美乳,美乳,美乳,保留,已是简体中文或通用规格/专名，建议保留,
美少女,美少女,美少女,保留,已是简体中文或通用规格/专名，建议保留,
美少女｜,美少女｜,美少女,翻译/合并,与“美少女、美少女｜”统一为同一简体流派,
美少女電影,美少女電影,美少女电影,简体/写法统一,繁体、日文汉字或全角写法统一为简体/半角形式,
美熟女,熟女,熟女,翻译/合并,与“成熟的女人、美熟女、熟女”统一为同一简体流派,
美腿,美腿,美腿,保留,已是简体中文或通用规格/专名，建议保留,
美臀,美臀,美臀,保留,已是简体中文或通用规格/专名，建议保留,
美穴,美穴,美穴,保留,已是简体中文或通用规格/专名，建议保留,
美マン,美マン,美穴,翻译/合并,语义或来源可能有歧义，建议结合实际影片样本确认,需确认
妹妹,妹妹,妹妹,保留,已是简体中文或通用规格/专名，建议保留,
门口,门口,门口,保留,已是简体中文或通用规格/专名，建议保留,
蒙面,蒙面,蒙面,保留,已是简体中文或通用规格/专名，建议保留,
猛烈,猛烈,激烈,翻译/合并,翻译为简体中文或修正不自然写法,
迷你,迷你,迷你,保留,已是简体中文或通用规格/专名，建议保留,
迷你裙,迷你裙,迷你裙,保留,已是简体中文或通用规格/专名，建议保留,
迷你裙警察,迷你裙警察,迷你裙警察,保留,已是简体中文或通用规格/专名，建议保留,
迷你系列,迷你系列,迷你系列,保留,已是简体中文或通用规格/专名，建议保留,
迷你係列,迷你系列,迷你系列,简体/写法统一,与“迷你系列、迷你係列”统一为同一简体流派,
秘书,秘书,秘书,保留,已是简体中文或通用规格/专名，建议保留,
秘書,秘书,秘书,翻译/合并,与“秘书、秘書”统一为同一简体流派,
面接,采访,面试,调整现有映射,当前会处理为“采访”，建议修正语义或与同义项统一,
面试,面试,面试,保留,已是简体中文或通用规格/专名，建议保留,
面試,面試,面试,翻译/合并,与“面接、面试、面試”统一为同一简体流派,
苗条,苗条,苗条,保留,已是简体中文或通用规格/专名，建议保留,
苗条身材,苗条身材,苗条身材,保留,已是简体中文或通用规格/专名，建议保留,
苗條,苗条,苗条,翻译/合并,与“苗条、苗條、スレンダー”统一为同一简体流派,
敏感,敏感,敏感,保留,已是简体中文或通用规格/专名，建议保留,
名人,名人,名人,保留,已是简体中文或通用规格/专名，建议保留,
明星脸,明星脸,明星脸,保留,已是简体中文或通用规格/专名，建议保留,
模特,模特,模特,保留,已是简体中文或通用规格/专名，建议保留,
模特兒,模特,模特,翻译/合并,与“模特、模特兒、モデル、モデル系”统一为同一简体流派,
摩擦,摩擦,摩擦,保留,已是简体中文或通用规格/专名，建议保留,
魔女,魔女,女巫,翻译/合并,翻译为简体中文或修正不自然写法,
母亲,母亲,母亲,保留,已是简体中文或通用规格/专名，建议保留,
母親,母亲,母亲,简体/写法统一,与“媽媽、母亲、母親、お母さん”统一为同一简体流派,
母乳,母乳,母乳,保留,已是简体中文或通用规格/专名，建议保留,
目線,目線,视线,翻译/合并,语义或来源可能有歧义，建议结合实际影片样本确认,需确认
沐浴,沐浴,沐浴,保留,已是简体中文或通用规格/专名，建议保留,
奶奶,奶奶,奶奶,保留,已是简体中文或通用规格/专名，建议保留,
男性喷水,男性喷水,男性喷水,保留,已是简体中文或通用规格/专名，建议保留,
男友的朋友,男友的朋友,男友的朋友,保留,已是简体中文或通用规格/专名，建议保留,
男の潮吹き,男性喷水,男性喷水,翻译/合并,与“男性喷水、男の潮吹き”统一为同一简体流派,
南国度假地,南国度假地,热带度假地,翻译/合并,翻译为简体中文或修正不自然写法,
內衣,内衣,内衣,简体/写法统一,与“內衣、内衣、ランジェリー”统一为同一简体流派,
内裤,内裤,内裤,保留,已是简体中文或通用规格/专名，建议保留,
内嵌字幕,内嵌字幕,内嵌字幕,保留,已是简体中文或通用规格/专名，建议保留,
内射,内射,内射,保留,已是简体中文或通用规格/专名，建议保留,
内衣,内衣,内衣,保留,已是简体中文或通用规格/专名，建议保留,
逆骑乘位,逆骑乘位,逆骑乘位,保留,已是简体中文或通用规格/专名，建议保留,
逆强奸,逆强奸,逆强奸,保留,已是简体中文或通用规格/专名，建议保留,
逆ナン,倒追,倒追,翻译/合并,与“倒追、逆ナン”统一为同一简体流派,
娘・養女,女儿/继女,女儿/继女,翻译/合并,与“娘・養女、女儿/继女”统一为同一简体流派,
牛仔裤,牛仔裤,牛仔裤,保留,已是简体中文或通用规格/专名，建议保留,
奴役,奴役,奴役,保留,已是简体中文或通用规格/专名，建议保留,
女部长,女部长,女部长,保留,已是简体中文或通用规格/专名，建议保留,
女大学生,女大学生,女大学生,保留,已是简体中文或通用规格/专名，建议保留,
女大學生,女大学生,女大学生,简体/写法统一,与“女大学生、女大學生、女子大生”统一为同一简体流派,
女儿/继女,女儿/继女,女儿/继女,保留,已是简体中文或通用规格/专名，建议保留,
女祭司,女祭司,女祭司,保留,已是简体中文或通用规格/专名，建议保留,
女检察官,女检察官,女检察官,保留,已是简体中文或通用规格/专名，建议保留,
女檢察官,女检察官,女检察官,简体/写法统一,与“女检察官、女檢察官、女捜査官”统一为同一简体流派,
女教师,女教师,女教师,保留,已是简体中文或通用规格/专名，建议保留,
女教師,女教师,女教师,简体/写法统一,与“女教师、女教師”统一为同一简体流派,
女老板,女老板,女老板,保留,已是简体中文或通用规格/专名，建议保留,
女仆,女佣,女佣,翻译/合并,与“女仆、女佣、女傭、メイド”统一为同一简体流派,
女忍者,女忍者,女忍者,保留,已是简体中文或通用规格/专名，建议保留,
女上司,女老板,女上司,调整现有映射,当前会处理为“女老板”，建议修正语义或与同义项统一,
女上位,骑乘位,骑乘位,翻译/合并,与“女上位、骑乘位、騎乗位”统一为同一简体流派,
女生,女生,女生,保留,已是简体中文或通用规格/专名，建议保留,
女施虐,女施虐,女施虐,保留,已是简体中文或通用规格/专名，建议保留,
女捜査官,女检察官,女检察官,翻译/合并,与“女检察官、女檢察官、女捜査官”统一为同一简体流派,
女体料理,女体料理,女体盛,翻译/合并,翻译为简体中文或修正不自然写法,
女同接吻,女同接吻,女同接吻,保留,已是简体中文或通用规格/专名，建议保留,
女同性恋,女同性恋,女同性恋,保留,已是简体中文或通用规格/专名，建议保留,
女同性戀,女同性恋,女同性恋,简体/写法统一,与“女同性恋、女同性戀、レズ”统一为同一简体流派,
女王手交,女王手交,女王手交,保留,已是简体中文或通用规格/专名，建议保留,
女王様,女施虐,女施虐,翻译/合并,与“女施虐、女王様”统一为同一简体流派,
女性高潮,女性高潮,女性高潮,保留,已是简体中文或通用规格/专名，建议保留,
女性向け,给女性观众,给女性观众,翻译/合并,与“给女性观众、給女性觀眾、女性向け”统一为同一简体流派,
女演员,女演员,女优,翻译/合并,与“女演员、女优、女优物、女優”等统一为同一简体流派,
女医,女医生,女医生,翻译/合并,与“女医、女医生、女醫生”统一为同一简体流派,
女医生,女医生,女医生,保留,已是简体中文或通用规格/专名，建议保留,
女醫生,女医生,女医生,简体/写法统一,与“女医、女医生、女醫生”统一为同一简体流派,
女佣,女佣,女佣,保留,已是简体中文或通用规格/专名，建议保留,
女佣角色扮演,女佣角色扮演,女佣角色扮演,保留,已是简体中文或通用规格/专名，建议保留,
女傭,女佣,女佣,翻译/合并,与“女仆、女佣、女傭、メイド”统一为同一简体流派,
女优,女优,女优,保留,已是简体中文或通用规格/专名，建议保留,
女优精选合集,女优精选合集,女优精选合集,保留,已是简体中文或通用规格/专名，建议保留,
女优物,女优物,女优,翻译/合并,与“女演员、女优、女优物、女優”等统一为同一简体流派,
女優,女优,女优,简体/写法统一,与“女演员、女优、女优物、女優”等统一为同一简体流派,
女優按摩棒,电动按摩棒,按摩棒,翻译/合并,与“电动按摩棒、电动按摩器、電マ、女優按摩棒”统一为同一简体流派,
女優ベスト・総集編,最佳女演员/合集,最佳女演员/合集,翻译/合并,与“女優ベスト・総集編、最佳女演员/合集”统一为同一简体流派,
女战士,女战士,女战士,保留,已是简体中文或通用规格/专名，建议保留,
女戦士,女战士,女战士,翻译/合并,与“女战士、女戦士”统一为同一简体流派,
女主播,女主播,女主播,保留,已是简体中文或通用规格/专名，建议保留,
女主人,女主人,女主人,保留,已是简体中文或通用规格/专名，建议保留,
女装・男の娘,人妖/伪娘,人妖/伪娘,翻译/合并,与“女装・男の娘、女裝人妖、人妖/伪娘”统一为同一简体流派,
女裝人妖,人妖/伪娘,人妖/伪娘,翻译/合并,与“女装・男の娘、女裝人妖、人妖/伪娘”统一为同一简体流派,
女子大生,女大学生,女大学生,翻译/合并,与“女大学生、女大學生、女子大生”统一为同一简体流派,
女子校生,女子校生,高中女生,调整现有映射,当前会处理为“女子校生”，建议修正语义或与同义项统一,
女子校生制服,女子校生制服,高中女生制服,翻译/合并,翻译为简体中文或修正不自然写法,
女子アナ,女主播,女主播,翻译/合并,与“女主播、女子アナ”统一为同一简体流派,
女尊男卑,女尊男卑,女尊男卑,保留,已是简体中文或通用规格/专名，建议保留,
呕吐,呕吐,呕吐,保留,已是简体中文或通用规格/专名，建议保留,
偶像,偶像艺人,偶像艺人,翻译/合并,与“偶像、偶像艺人、偶像藝人、アイドル”等统一为同一简体流派,
偶像艺人,偶像艺人,偶像艺人,保留,已是简体中文或通用规格/专名，建议保留,
偶像藝人,偶像艺人,偶像艺人,翻译/合并,与“偶像、偶像艺人、偶像藝人、アイドル”等统一为同一简体流派,
排便,排便,排便,保留,已是简体中文或通用规格/专名，建议保留,
派对游戏,派对游戏,派对游戏,保留,已是简体中文或通用规格/专名，建议保留,
胖女人,丰满/微胖,丰满/微胖,翻译/合并,与“丰满/微胖、胖女人”统一为同一简体流派,
泡泡袜,泡泡袜,泡泡袜,保留,已是简体中文或通用规格/专名，建议保留,
泡泡襪,泡泡袜,泡泡袜,翻译/合并,与“泡泡袜、泡泡襪、ルーズソックス”统一为同一简体流派,
泡泡浴,泡泡浴,泡泡浴,保留,已是简体中文或通用规格/专名，建议保留,
陪酒女,陪酒女,陪酒女,保留,已是简体中文或通用规格/专名，建议保留,
配信専用,仅限流媒体播放,仅限流媒体播放,翻译/合并,与“仅限流媒体播放、配信専用”统一为同一简体流派,
朋友,朋友,朋友,保留,已是简体中文或通用规格/专名，建议保留,
屁股,臀部,臀部,翻译/合并,与“尻フェチ、屁股、臀部、お尻”统一为同一简体流派,
漂亮屁股,漂亮屁股,美臀,翻译/合并,与“美尻、美臀、漂亮屁股”统一为同一简体流派,
贫乳,贫乳,贫乳/微乳,翻译/合并,与“贫乳、贫乳/微乳、貧乳・微乳、平胸”统一为同一简体流派,
贫乳/微乳,贫乳/微乳,贫乳/微乳,保留,已是简体中文或通用规格/专名，建议保留,
貧乳・微乳,贫乳/微乳,贫乳/微乳,翻译/合并,与“贫乳、贫乳/微乳、貧乳・微乳、平胸”统一为同一简体流派,
平胸,平胸,贫乳/微乳,翻译/合并,与“贫乳、贫乳/微乳、貧乳・微乳、平胸”统一为同一简体流派,
婆婆,继母/义母,继母/义母,翻译/合并,与“继母/义母、婆婆、義母”统一为同一简体流派,
破解,破解/流出,破解/流出,翻译/合并,与“破解、破解/流出”统一为同一简体流派,
破解/流出,破解/流出,破解/流出,保留,已是简体中文或通用规格/专名，建议保留,
其他,其他,其他,保留,已是简体中文或通用规格/专名，建议保留,
其他恋物癖,其他恋物癖,其他恋物癖,保留,已是简体中文或通用规格/专名，建议保留,
其他戀物癖,其他恋物癖,其他恋物癖,简体/写法统一,与“其他恋物癖、其他戀物癖、その他フェチ”统一为同一简体流派,
骑乘位,骑乘位,骑乘位,保留,已是简体中文或通用规格/专名，建议保留,
骑乘位中出,骑乘位中出,骑乘位中出,保留,已是简体中文或通用规格/专名，建议保留,
旗袍,旗袍,旗袍,保留,已是简体中文或通用规格/专名，建议保留,
騎乗位,骑乘位,骑乘位,简体/写法统一,与“女上位、骑乘位、騎乗位”统一为同一简体流派,
企划,企划,企划,保留,已是简体中文或通用规格/专名，建议保留,
企画,企划,企划,翻译/合并,与“企划、企画、企畫、企劃物”统一为同一简体流派,
企畫,企划,企划,翻译/合并,与“企划、企画、企畫、企劃物”统一为同一简体流派,
企劃物,企劃物,企划,翻译/合并,与“企划、企画、企畫、企劃物”统一为同一简体流派,
汽車性愛,车内性爱,车内性爱,翻译/合并,与“车内性爱、汽車性愛、カーセックス”统一为同一简体流派,
器械,器械,器械,保留,已是简体中文或通用规格/专名，建议保留,
器械训练,器械训练,器械训练,保留,已是简体中文或通用规格/专名，建议保留,
千金小姐,千金小姐,千金小姐,保留,已是简体中文或通用规格/专名，建议保留,
前模特,前模特,前模特,保留,已是简体中文或通用规格/专名，建议保留,
強姦,强奸,强奸,翻译/合并,与“強姦、强奸”统一为同一简体流派,
强奸,强奸,强奸,保留,已是简体中文或通用规格/专名，建议保留,
亲人,亲人,亲人,保留,已是简体中文或通用规格/专名，建议保留,
寝取り・寝取られ,绿帽,绿帽,翻译/合并,与“绿帽、寝取り・寝取られ”统一为同一简体流派,
青梅竹马,青梅竹马,青梅竹马,保留,已是简体中文或通用规格/专名，建议保留,
轻熟女/姐姐,轻熟女/姐姐,轻熟女/姐姐,保留,已是简体中文或通用规格/专名，建议保留,
清楚,清纯,清纯,翻译/合并,与“清楚、清楚系、清纯”统一为同一简体流派,
清楚系,清楚系,清纯,翻译/合并,与“清楚、清楚系、清纯”统一为同一简体流派,
清纯,清纯,清纯,保留,已是简体中文或通用规格/专名，建议保留,
清洁口交,清洁口交,清洁口交,保留,已是简体中文或通用规格/专名，建议保留,
情侶,恋爱/情侣,恋爱/情侣,翻译/合并,与“恋爱/情侣、恋愛、戀愛、情侶”等统一为同一简体流派,
情趣椅,情趣椅,情趣椅,保留,已是简体中文或通用规格/专名，建议保留,
情人,情人,情人,保留,已是简体中文或通用规格/专名，建议保留,
拳交,拳交,拳交,保留,已是简体中文或通用规格/专名，建议保留,
裙底偷窥,裙底偷窥,裙底偷窥,保留,已是简体中文或通用规格/专名，建议保留,
裙子,裙子,裙子,保留,已是简体中文或通用规格/专名，建议保留,
群交,群交,群交,保留,已是简体中文或通用规格/专名，建议保留,
热裤,热裤,热裤,保留,已是简体中文或通用规格/专名，建议保留,
人妻,人妻,人妻,保留,已是简体中文或通用规格/专名，建议保留,
人氣系列,人氣系列,人气系列,翻译/合并,翻译为简体中文或修正不自然写法,
人妖/伪娘,人妖/伪娘,人妖/伪娘,保留,已是简体中文或通用规格/专名，建议保留,
妊婦,孕妇,孕妇,翻译/合并,与“妊婦、孕妇、孕婦”统一为同一简体流派,
妊娠,妊娠,怀孕,翻译/合并,与“妊娠、孕ませ”统一为同一简体流派,
日本局部特写,日本局部特写,日本局部特写,保留,已是简体中文或通用规格/专名，建议保留,
日本人妻,日本人妻,人妻,翻译/合并,与“人妻、日本人妻、太太、已婚婦女”统一为同一简体流派,
日光浴,日光浴,日光浴,保留,已是简体中文或通用规格/专名，建议保留,
日焼け,日光浴,晒黑,调整现有映射,当前会处理为“日光浴”，建议修正语义或与同义项统一,
柔软身体,柔软身体,柔软身体,保留,已是简体中文或通用规格/专名，建议保留,
乳房,乳房,乳房,保留,已是简体中文或通用规格/专名，建议保留,
乳交,乳交,乳交,保留,已是简体中文或通用规格/专名，建议保留,
乳首,乳首,乳头,翻译/合并,翻译为简体中文或修正不自然写法,
乳首刺激,乳首刺激,乳头刺激,翻译/合并,翻译为简体中文或修正不自然写法,
乳首吸吮,乳首吸吮,乳头吸吮,翻译/合并,翻译为简体中文或修正不自然写法,
乳液,润滑油,润滑油,翻译/合并,与“乳液、润滑剂、润滑油、ローション”等统一为同一简体流派,
辱骂/责骂,辱骂/责骂,辱骂/责骂,保留,已是简体中文或通用规格/专名，建议保留,
辱め,凌辱,凌辱,翻译/合并,与“凌辱、辱め”统一为同一简体流派,
软核,软核,软核,保留,已是简体中文或通用规格/专名，建议保留,
软体,软体,柔软身体,翻译/合并,与“柔软身体、软体、軟体”统一为同一简体流派,
軟体,柔软身体,柔软身体,翻译/合并,与“柔软身体、软体、軟体”统一为同一简体流派,
润滑剂,润滑剂,润滑油,翻译/合并,与“乳液、润滑剂、润滑油、ローション”等统一为同一简体流派,
润滑油,润滑油,润滑油,保留,已是简体中文或通用规格/专名，建议保留,
若妻·幼妻,若妻·幼妻,年轻妻子,翻译/合并,与“若妻·幼妻、年輕妻子、幼妻”统一为同一简体流派,
赛车女郎,赛车女郎,赛车女郎,保留,已是简体中文或通用规格/专名，建议保留,
賽車女郎,赛车女郎,赛车女郎,翻译/合并,与“赛车女郎、賽車女郎、レースクィーン”统一为同一简体流派,
三十路,30多岁,30多岁,翻译/合并,与“30多岁、三十路”统一为同一简体流派,
散步,散步,散步,保留,已是简体中文或通用规格/专名，建议保留,
丧服,丧服,丧服,保留,已是简体中文或通用规格/专名，建议保留,
瘙痒,瘙痒,瘙痒,保留,已是简体中文或通用规格/专名，建议保留,
瘙癢,瘙痒,瘙痒,翻译/合并,与“瘙痒、瘙癢、くすぐり”统一为同一简体流派,
色狼,色狼,色狼,保留,已是简体中文或通用规格/专名，建议保留,
沙发,沙发,沙发,保留,已是简体中文或通用规格/专名，建议保留,
沙发性爱,沙发性爱,沙发性爱,保留,已是简体中文或通用规格/专名，建议保留,
晒黑,晒黑,晒黑,保留,已是简体中文或通用规格/专名，建议保留,
曬痕,曬痕,晒痕,简体/写法统一,繁体、日文汉字或全角写法统一为简体/半角形式,
上门风俗女,上门风俗女,上门风俗女,保留,已是简体中文或通用规格/专名，建议保留,
上司,上司,上司,保留,已是简体中文或通用规格/专名，建议保留,
少女,少女,少女,保留,已是简体中文或通用规格/专名，建议保留,
舌,舌,舌头,翻译/合并,与“舌、舌頭”统一为同一简体流派,
舌頭,舌頭,舌头,简体/写法统一,与“舌、舌頭”统一为同一简体流派,
设置项目,设置项目,设定作品,翻译/合并,翻译为简体中文或修正不自然写法,
社团经理,社团经理,社团经理,保留,已是简体中文或通用规格/专名，建议保留,
射精,射精,射精,保留,已是简体中文或通用规格/专名，建议保留,
射在胸部,射在胸部,射在胸部,保留,已是简体中文或通用规格/专名，建议保留,
深肤色,深肤色,深肤色,保留,已是简体中文或通用规格/专名，建议保留,
深喉,深喉,深喉,保留,已是简体中文或通用规格/专名，建议保留,
縄,縄,捆绑,翻译/合并,与“绑缚、縛り・緊縛、龟甲捆绑、紧缚”等统一为同一简体流派,
失禁,失禁,失禁,保留,已是简体中文或通用规格/专名，建议保留,
施虐受虐,施虐受虐,SM,翻译/合并,与“施虐受虐、SM”统一为同一简体流派,
湿润,湿润,湿润,保留,已是简体中文或通用规格/专名，建议保留,
湿润阴部,湿润阴部,湿润阴部,保留,已是简体中文或通用规格/专名，建议保留,
湿透,湿透,湿透,保留,已是简体中文或通用规格/专名，建议保留,
时间停止,时间停止,时间停止,保留,已是简体中文或通用规格/专名，建议保留,
食粪,食粪,食粪,保留,已是简体中文或通用规格/专名，建议保留,
食糞,食粪,食粪,翻译/合并,与“食粪、食糞”统一为同一简体流派,
時間停止,时间停止,时间停止,翻译/合并,与“时间停止、時間停止”统一为同一简体流派,
實拍,實拍,实拍,简体/写法统一,繁体、日文汉字或全角写法统一为简体/半角形式,
视讯小姐,视讯小姐,视讯小姐,保留,已是简体中文或通用规格/专名，建议保留,
手交,手交,手交,保留,已是简体中文或通用规格/专名，建议保留,
手铐,手铐,手铐,保留,已是简体中文或通用规格/专名，建议保留,
手指插入,指法/手指插入,指法/手指插入,翻译/合并,与“手指插入、指法/手指插入、指マン”统一为同一简体流派,
手コキ,手交,手交,翻译/合并,与“手交、手コキ”统一为同一简体流派,
手マン,手指爱抚,手指爱抚,翻译/合并,翻译为简体中文或修正不自然写法,
首次亮相,出道,出道,翻译/合并,与“出道、初登場、处女作、首次亮相”等统一为同一简体流派,
受付嬢,接待员,接待员,翻译/合并,与“接待员、受付嬢”统一为同一简体流派,
受虐,受虐,受虐,保留,已是简体中文或通用规格/专名，建议保留,
受虐男,受虐男,受虐男,保留,已是简体中文或通用规格/专名，建议保留,
受虐女性,受虐女性,受虐女性,保留,已是简体中文或通用规格/专名，建议保留,
瘦小身型,瘦小身型,娇小,翻译/合并,与“娇小、嬌小的、瘦小身型、ミニ系・小柄”统一为同一简体流派,
叔母さん,阿姨,阿姨,翻译/合并,与“阿姨、叔母さん”统一为同一简体流派,
熟女,熟女,熟女,保留,已是简体中文或通用规格/专名，建议保留,
熟女妈妈,熟女妈妈,熟女妈妈,保留,已是简体中文或通用规格/专名，建议保留,
束缚,束缚,捆绑,翻译/合并,与“绑缚、縛り・緊縛、龟甲捆绑、紧缚”等统一为同一简体流派,
数码马赛克,数码马赛克,数码马赛克,保留,已是简体中文或通用规格/专名，建议保留,
數位馬賽克,数码马赛克,数码马赛克,翻译/合并,与“数码马赛克、數位馬賽克、デジモ”统一为同一简体流派,
双人口交,双人口交,双人口交,保留,已是简体中文或通用规格/专名，建议保留,
双性人,双性人,双性人,保留,已是简体中文或通用规格/专名，建议保留,
水手服,水手服,水手服,保留,已是简体中文或通用规格/专名，建议保留,
水着,泳装,泳装,翻译/合并,与“水着、泳装、泳裝”统一为同一简体流派,
吮指,吮指,吮指,保留,已是简体中文或通用规格/专名，建议保留,
顺从,顺从,顺从,保留,已是简体中文或通用规格/专名，建议保留,
私服,私服,便服,翻译/合并,翻译为简体中文或修正不自然写法,
撕破丝袜,撕破丝袜,撕破丝袜,保留,已是简体中文或通用规格/专名，建议保留,
四十路,40多岁,40多岁,翻译/合并,与“40多岁、四十路”统一为同一简体流派,
送貨上門,送貨上門,上门风俗女,翻译/合并,与“上门风俗女、送貨上門”统一为同一简体流派,
素股,素股,素股,保留,已是简体中文或通用规格/专名，建议保留,
素人,素人,业余,调整现有映射,当前会处理为“素人”，建议修正语义或与同义项统一,
榻榻米,榻榻米,榻榻米,保留,已是简体中文或通用规格/专名，建议保留,
太太,太太,人妻,翻译/合并,与“人妻、日本人妻、太太、已婚婦女”统一为同一简体流派,
套装,套装,套装,保留,已是简体中文或通用规格/专名，建议保留,
套裝,套裝,套装,翻译/合并,与“套装、套裝”统一为同一简体流派,
特撮,特效,特效,翻译/合并,与“特撮、特效”统一为同一简体流派,
特效,特效,特效,保留,已是简体中文或通用规格/专名，建议保留,
体操着・ブルマ,运动服,运动服,翻译/合并,与“体操着・ブルマ、體育服、运动服”统一为同一简体流派,
体外射精,体外射精,体外射精,保留,已是简体中文或通用规格/专名，建议保留,
体验告白,体验告白,体验告白,保留,已是简体中文或通用规格/专名，建议保留,
体験告白,体验告白,体验告白,翻译/合并,与“体验告白、体験告白”统一为同一简体流派,
体育角色扮演,体育角色扮演,体育角色扮演,保留,已是简体中文或通用规格/专名，建议保留,
體育服,运动服,运动服,翻译/合并,与“体操着・ブルマ、體育服、运动服”统一为同一简体流派,
剃毛,剃毛,剃毛,保留,已是简体中文或通用规格/专名，建议保留,
剃毛阴部,剃毛阴部,剃毛阴部,保留,已是简体中文或通用规格/专名，建议保留,
天然美乳,天然美乳,美乳,翻译/合并,与“美乳、天然美乳、天然胸”统一为同一简体流派,
天然胸,天然胸,美乳,翻译/合并,与“美乳、天然美乳、天然胸”统一为同一简体流派,
舔蛋蛋,舔蛋蛋,舔蛋蛋,保留,已是简体中文或通用规格/专名，建议保留,
舔肛,舔肛,舔肛,保留,已是简体中文或通用规格/专名，建议保留,
舔乳首,舔乳首,舔乳首,保留,已是简体中文或通用规格/专名，建议保留,
舔臀,舔臀,舔臀,保留,已是简体中文或通用规格/专名，建议保留,
舔阴,舔阴,舔阴,保留,已是简体中文或通用规格/专名，建议保留,
舔陰,舔阴,舔阴,简体/写法统一,与“舔阴、舔陰、クンニ”统一为同一简体流派,
跳,跳,跳,翻译/合并,语义或来源可能有歧义，建议结合实际影片样本确认,需确认
跳蛋,跳蛋,跳蛋,保留,已是简体中文或通用规格/专名，建议保留,
跳舞,跳舞,跳舞,保留,已是简体中文或通用规格/专名，建议保留,
通姦,出轨,出轨,翻译/合并,与“白天出軌、不倫、不忠、出轨”等统一为同一简体流派,
同性恋,同性恋,同性恋,保留,已是简体中文或通用规格/专名，建议保留,
童年朋友,青梅竹马,青梅竹马,翻译/合并,与“青梅竹马、童年朋友、幼なじみ”统一为同一简体流派,
童顔,娃娃脸,娃娃脸,翻译/合并,与“童顔、娃娃脸”统一为同一简体流派,
童貞,处男,处男,翻译/合并,与“处男、處男、童貞”统一为同一简体流派,
偷窥,偷窥,偷窥,保留,已是简体中文或通用规格/专名，建议保留,
投稿,投稿,投稿,保留,已是简体中文或通用规格/专名，建议保留,
兔女郎,兔女郎,兔女郎,保留,已是简体中文或通用规格/专名，建议保留,
推荐作品,推荐作品,推荐作品,保留,已是简体中文或通用规格/专名，建议保留,
腿控,腿控,腿控,保留,已是简体中文或通用规格/专名，建议保留,
吞精,吞精,吞精,保留,已是简体中文或通用规格/专名，建议保留,
臀部,臀部,臀部,保留,已是简体中文或通用规格/专名，建议保留,
脱糞,排便,排便,翻译/合并,与“排便、脱糞”统一为同一简体流派,
脱衣,脱衣,脱衣,保留,已是简体中文或通用规格/专名，建议保留,
脱衣舞娘,脱衣舞娘,脱衣舞娘,保留,已是简体中文或通用规格/专名，建议保留,
娃娃,娃娃,娃娃,保留,已是简体中文或通用规格/专名，建议保留,
娃娃脸,娃娃脸,娃娃脸,保留,已是简体中文或通用规格/专名，建议保留,
外遇,外遇,出轨,翻译/合并,与“白天出軌、不倫、不忠、出轨”等统一为同一简体流派,
完璧,完璧,完美,翻译/合并,翻译为简体中文或修正不自然写法,
完美身材,完美身材,完美身材,保留,已是简体中文或通用规格/专名，建议保留,
玩具,玩具,玩具,保留,已是简体中文或通用规格/专名，建议保留,
玩具虐待,玩具虐待,玩具虐待,保留,已是简体中文或通用规格/专名，建议保留,
玩具責め,玩具虐待,玩具虐待,翻译/合并,与“玩具虐待、玩具責め”统一为同一简体流派,
晚礼服,晚礼服,晚礼服,保留,已是简体中文或通用规格/专名，建议保留,
网袜,网袜,网袜,保留,已是简体中文或通用规格/专名，建议保留,
妄想,妄想,妄想,保留,已是简体中文或通用规格/专名，建议保留,
妄想族,家庭幻想,家庭幻想,翻译/合并,与“家庭幻想、妄想族”统一为同一简体流派,
危険日,危険日,易孕期,翻译/合并,繁体、日文汉字或全角写法统一为简体/半角形式,
圍裙,圍裙,围裙,简体/写法统一,与“圍裙、エプロン”统一为同一简体流派,
猥褻穿著,暴露服装,暴露服装,翻译/合并,与“暴露服装、猥褻穿著、着エロ”统一为同一简体流派,
未亡人,寡妇,寡妇,翻译/合并,与“寡妇、寡婦、未亡人”统一为同一简体流派,
温泉,温泉,温泉,保留,已是简体中文或通用规格/专名，建议保留,
问卷,问卷,问卷,保留,已是简体中文或通用规格/专名，建议保留,
污言秽语,污言秽语,污言秽语,保留,已是简体中文或通用规格/专名，建议保留,
无码流出,无码流出,无码流出,保留,已是简体中文或通用规格/专名，建议保留,
无毛,无毛,无毛,保留,已是简体中文或通用规格/专名，建议保留,
无套,无套,无套,保留,已是简体中文或通用规格/专名，建议保留,
无套内射,无套内射,中出,翻译/合并,与“无套内射、中出、中出し”统一为同一简体流派,
无性婚姻,无性婚姻,无性婚姻,保留,已是简体中文或通用规格/专名，建议保留,
無碼破解,无码流出,无码流出,翻译/合并,与“无码流出、無碼破解”统一为同一简体流派,
無毛,无毛,无毛,简体/写法统一,与“白虎、无毛、無毛、パイパン”统一为同一简体流派,
吸精,吸精,吸精,保留,已是简体中文或通用规格/专名，建议保留,
洗澡,洗澡,沐浴,翻译/合并,与“沐浴、洗澡”统一为同一简体流派,
戲劇,剧情,剧情,翻译/合并,与“剧情、戲劇、ドラマ”统一为同一简体流派,
下属与同事,下属与同事,下属与同事,保留,已是简体中文或通用规格/专名，建议保留,
先輩教师,先輩教师,前辈教师,翻译/合并,翻译为简体中文或修正不自然写法,
先生,先生,教师,翻译/合并,与“教师、先生”统一为同一简体流派,
限时降价,限时降价,限时降价,保留,已是简体中文或通用规格/专名，建议保留,
相談,相談,咨询,翻译/合并,翻译为简体中文或修正不自然写法,
小便/尿失禁,小便/尿失禁,小便/尿失禁,保留,已是简体中文或通用规格/专名，建议保留,
小姐,小姐,小姐,保留,已是简体中文或通用规格/专名，建议保留,
小颜,小颜,小脸,翻译/合并,翻译为简体中文或修正不自然写法,
小阴茎,小阴茎,小阴茎,保留,已是简体中文或通用规格/专名，建议保留,
咲月ひな,咲月ひな,咲月ひな,保留,已是简体中文或通用规格/专名，建议保留,
校服,校服,校服,保留,已是简体中文或通用规格/专名，建议保留,
校园作品,校园作品,校园作品,保留,已是简体中文或通用规格/专名，建议保留,
携帯電話,携帯電話,手机,翻译/合并,繁体、日文汉字或全角写法统一为简体/半角形式,
新年,新年,新年,保留,已是简体中文或通用规格/专名，建议保留,
新娘,新娘,新娘,保留,已是简体中文或通用规格/专名，建议保留,
年輕妻子,年輕妻子,年轻妻子,简体/写法统一,与“若妻·幼妻、年輕妻子、幼妻”统一为同一简体流派,
新人,新人,新人,保留,已是简体中文或通用规格/专名，建议保留,
形象视频,形象视频,形象视频,保留,已是简体中文或通用规格/专名，建议保留,
性爱,性爱,性爱,保留,已是简体中文或通用规格/专名，建议保留,
性伴侣,性伴侣,性伴侣,保留,已是简体中文或通用规格/专名，建议保留,
性別轉型·女性化,性别转型·女性化,性别转型·女性化,简体/写法统一,与“性別轉型·女性化、性别转型·女性化、性転換・女体化”统一为同一简体流派,
性别转型·女性化,性别转型·女性化,性别转型·女性化,保留,已是简体中文或通用规格/专名，建议保留,
性感,性感,性感,保留,已是简体中文或通用规格/专名，建议保留,
性感的,性感,性感,翻译/合并,与“性感、性感的、セクシー”统一为同一简体流派,
性教学,性教学,性教学,保留,已是简体中文或通用规格/专名，建议保留,
性教育,性教育,性教育,保留,已是简体中文或通用规格/专名，建议保留,
性奴,性奴,性奴,保留,已是简体中文或通用规格/专名，建议保留,
性骚扰,性骚扰,性骚扰,保留,已是简体中文或通用规格/专名，建议保留,
性騷擾,性骚扰,性骚扰,翻译/合并,与“痴漢、电车痴汉、性骚扰、性騷擾”统一为同一简体流派,
性転換・女体化,性别转型·女性化,性别转型·女性化,翻译/合并,与“性別轉型·女性化、性别转型·女性化、性転換・女体化”统一为同一简体流派,
興奮,興奮,兴奋,简体/写法统一,繁体、日文汉字或全角写法统一为简体/半角形式,
胸部服务,胸部服务,胸部服务,保留,已是简体中文或通用规格/专名，建议保留,
胸チラ,露乳,露乳,翻译/合并,与“露乳、胸チラ”统一为同一简体流派,
羞恥,羞耻,羞耻,翻译/合并,与“羞恥、羞耻”统一为同一简体流派,
羞耻,羞耻,羞耻,保留,已是简体中文或通用规格/专名，建议保留,
虚拟现实,虚拟现实,VR,翻译/合并,与“虚拟现实、VR、VR専用”统一为同一简体流派,
玄関,玄関,门口,翻译/合并,与“门口、玄関”统一为同一简体流派,
靴下,靴下,袜子,翻译/合并,翻译为简体中文或修正不自然写法,
学生,学生,学生,保留,已是简体中文或通用规格/专名，建议保留,
学生服,校服,校服,翻译/合并,与“校服、学生服”统一为同一简体流派,
学校,学校,学校,保留,已是简体中文或通用规格/专名，建议保留,
学校泳装,学校泳装,学校泳装,保留,已是简体中文或通用规格/专名，建议保留,
学園,学園,学校,翻译/合并,与“学校、学園”统一为同一简体流派,
学園もの,校园作品,校园作品,翻译/合并,与“校园作品、学園もの、學校作品”统一为同一简体流派,
學校泳裝,学校泳装,学校泳装,翻译/合并,与“競泳・スクール水着、学校泳装、學校泳裝”统一为同一简体流派,
學校作品,校园作品,校园作品,翻译/合并,与“校园作品、学園もの、學校作品”统一为同一简体流派,
雪白皮肤,雪白皮肤,白皙肌肤,翻译/合并,与“白皙肌肤、雪白皮肤”统一为同一简体流派,
亚洲,亚洲,亚洲,保留,已是简体中文或通用规格/专名，建议保留,
亚洲肛交,亚洲肛交,亚洲肛交,保留,已是简体中文或通用规格/专名，建议保留,
亚洲高潮,亚洲高潮,亚洲高潮,保留,已是简体中文或通用规格/专名，建议保留,
亚洲高中女生,亚洲高中女生,亚洲高中女生,保留,已是简体中文或通用规格/专名，建议保留,
亚洲紧缚,亚洲紧缚,亚洲紧缚,保留,已是简体中文或通用规格/专名，建议保留,
亚洲巨臀,亚洲巨臀,亚洲巨臀,保留,已是简体中文或通用规格/专名，建议保留,
亚洲口交,亚洲口交,亚洲口交,保留,已是简体中文或通用规格/专名，建议保留,
亚洲乱交,亚洲乱交,亚洲乱交,保留,已是简体中文或通用规格/专名，建议保留,
亚洲美女,亚洲美女,亚洲美女,保留,已是简体中文或通用规格/专名，建议保留,
亚洲女演员,亚洲女演员,亚洲女演员,保留,已是简体中文或通用规格/专名，建议保留,
亚洲熟女,亚洲熟女,亚洲熟女,保留,已是简体中文或通用规格/专名，建议保留,
亚洲阴蒂,亚洲阴蒂,亚洲阴蒂,保留,已是简体中文或通用规格/专名，建议保留,
亚洲制服,亚洲制服,亚洲制服,保留,已是简体中文或通用规格/专名，建议保留,
亚洲中出,亚洲中出,亚洲中出,保留,已是简体中文或通用规格/专名，建议保留,
颜面口交,颜面口交,颜面口交,保留,已是简体中文或通用规格/专名，建议保留,
颜面骑乘,颜面骑乘,颜面骑乘,保留,已是简体中文或通用规格/专名，建议保留,
颜射,颜射,颜射,保留,已是简体中文或通用规格/专名，建议保留,
顏面騎乘,颜面骑乘,颜面骑乘,简体/写法统一,与“颜面骑乘、顏面騎乘、顔面騎乗”统一为同一简体流派,
顏射,颜射,颜射,简体/写法统一,与“颜射、顏射、顔射、ぶっかけ”统一为同一简体流派,
顔面騎乗,颜面骑乘,颜面骑乘,简体/写法统一,与“颜面骑乘、顏面騎乘、顔面騎乗”统一为同一简体流派,
顔射,颜射,颜射,简体/写法统一,与“颜射、顏射、顔射、ぶっかけ”统一为同一简体流派,
眼镜,眼镜,眼镜,保留,已是简体中文或通用规格/专名，建议保留,
眼镜娘,眼镜娘,眼镜,翻译/合并,与“眼镜、眼镜娘、眼鏡、メガネ”等统一为同一简体流派,
眼鏡,眼镜,眼镜,翻译/合并,与“眼镜、眼镜娘、眼鏡、メガネ”等统一为同一简体流派,
眼罩,眼罩,眼罩,保留,已是简体中文或通用规格/专名，建议保留,
阳具腰带,阳具腰带,阳具腰带,保留,已是简体中文或通用规格/专名，建议保留,
阳台,阳台,阳台,保留,已是简体中文或通用规格/专名，建议保留,
洋ピン・海外輸入,海外进口,海外进口,翻译/合并,与“國外進口、海外进口、洋ピン・海外輸入”统一为同一简体流派,
药物,药物,药物,保留,已是简体中文或通用规格/专名，建议保留,
藥物,药物,药物,翻译/合并,与“药物、藥物、ドラッグ”统一为同一简体流派,
爷爷,爷爷,爷爷,保留,已是简体中文或通用规格/专名，建议保留,
野外,户外,户外,翻译/合并,与“户外、野外”统一为同一简体流派,
野外・露出,野外·露出,野外·露出,简体/写法统一,与“野外・露出、野外·露出”统一为同一简体流派,
野外·露出,野外·露出,野外·露出,保留,已是简体中文或通用规格/专名，建议保留,
业务员,业务员,业务员,保留,已是简体中文或通用规格/专名，建议保留,
業餘,素人,业余,调整现有映射,当前会处理为“素人”，建议修正语义或与同义项统一,
一对一,一对一,一对一,保留,已是简体中文或通用规格/专名，建议保留,
一人,一人,一人,保留,已是简体中文或通用规格/专名，建议保留,
医生,医生,医生,保留,已是简体中文或通用规格/专名，建议保留,
医院/诊所,医院/诊所,医院/诊所,保留,已是简体中文或通用规格/专名，建议保留,
已婚婦女,人妻,人妻,翻译/合并,与“人妻、日本人妻、太太、已婚婦女”统一为同一简体流派,
椅子,椅子,椅子,保留,已是简体中文或通用规格/专名，建议保留,
艺能人,艺能人,艺人,翻译/合并,日语式表达整体翻译为常用简体中文,
艺人,艺人,艺人,保留,已是简体中文或通用规格/专名，建议保留,
异物插入,异物插入,异物插入,保留,已是简体中文或通用规格/专名，建议保留,
異物挿入,异物插入,异物插入,简体/写法统一,与“异物插入、異物挿入”统一为同一简体流派,
義母,继母/义母,继母/义母,翻译/合并,与“继母/义母、婆婆、義母”统一为同一简体流派,
阴部,阴部,阴部,保留,已是简体中文或通用规格/专名，建议保留,
阴部特写,阴部特写,阴部特写,保留,已是简体中文或通用规格/专名，建议保留,
阴唇,阴唇,阴唇,保留,已是简体中文或通用规格/专名，建议保留,
阴道观察,阴道观察,阴道观察,保留,已是简体中文或通用规格/专名，建议保留,
淫荡,淫荡,淫荡,保留,已是简体中文或通用规格/专名，建议保留,
淫荡手淫,淫荡手淫,自慰,翻译/合并,与“打飞机、打飛機、打手槍、淫荡手淫”等统一为同一简体流派,
淫乱,淫乱,淫乱,保留,已是简体中文或通用规格/专名，建议保留,
淫乱・ハード系,淫乱,淫乱,翻译/合并,与“蕩婦、花癡、淫乱、淫乱・ハード系”等统一为同一简体流派,
淫乱女,淫乱女,淫乱,翻译/合并,与“蕩婦、花癡、淫乱、淫乱・ハード系”等统一为同一简体流派,
淫乱真实,淫乱真实,淫乱真实,保留,已是简体中文或通用规格/专名，建议保留,
淫亂真實,淫乱真实,淫乱真实,翻译/合并,与“淫乱真实、淫亂真實”统一为同一简体流派,
淫语,淫语,淫语,保留,已是简体中文或通用规格/专名，建议保留,
淫語,淫语,淫语,翻译/合并,与“淫语、淫語”统一为同一简体流派,
淫語モノ,污言秽语,污言秽语,翻译/合并,与“污言秽语、淫語モノ”统一为同一简体流派,
饮酒派对/联谊,饮酒派对/联谊,饮酒派对/联谊,保留,已是简体中文或通用规格/专名，建议保留,
饮尿,饮尿,饮尿,保留,已是简体中文或通用规格/专名，建议保留,
飲尿,饮尿,饮尿,简体/写法统一,与“饮尿、飲尿”统一为同一简体流派,
飲み会・合コン,饮酒派对/联谊,饮酒派对/联谊,翻译/合并,与“饮酒派对/联谊、飲み会・合コン”统一为同一简体流派,
硬核,硬核,硬核,保留,已是简体中文或通用规格/专名，建议保留,
硬核部门,硬核部门,硬核部门,保留,已是简体中文或通用规格/专名，建议保留,
泳池,泳池,泳池,保留,已是简体中文或通用规格/专名，建议保留,
泳装,泳装,泳装,保留,已是简体中文或通用规格/专名，建议保留,
泳裝,泳装,泳装,翻译/合并,与“水着、泳装、泳裝”统一为同一简体流派,
优等生,优等生,优等生,保留,已是简体中文或通用规格/专名，建议保留,
油浴游戏,油浴游戏,油浴游戏,保留,已是简体中文或通用规格/专名，建议保留,
游戏的真人版,游戏的真人版,游戏的真人版,保留,已是简体中文或通用规格/专名，建议保留,
幼妻,幼妻,年轻妻子,翻译/合并,与“若妻·幼妻、年輕妻子、幼妻”统一为同一简体流派,
幼なじみ,青梅竹马,青梅竹马,翻译/合并,与“青梅竹马、童年朋友、幼なじみ”统一为同一简体流派,
诱惑,诱惑,诱惑,保留,已是简体中文或通用规格/专名，建议保留,
誘惑,诱惑,诱惑,翻译/合并,与“勾引、诱惑、誘惑”统一为同一简体流派,
渔网裤袜,渔网裤袜,网袜,翻译/合并,与“网袜、渔网裤袜”统一为同一简体流派,
瑜伽,瑜伽,瑜伽,保留,已是简体中文或通用规格/专名，建议保留,
瑜伽球,瑜伽球,瑜伽球,保留,已是简体中文或通用规格/专名，建议保留,
与外国人玩,与外国人玩,外国人,翻译/合并,翻译为简体中文或修正不自然写法,
浴垫,浴垫,浴垫,保留,已是简体中文或通用规格/专名，建议保留,
浴室,浴室,浴室,保留,已是简体中文或通用规格/专名，建议保留,
慾求不滿,慾求不滿,欲求不满,简体/写法统一,繁体、日文汉字或全角写法统一为简体/半角形式,
原作合作,原作合作,原作合作,保留,已是简体中文或通用规格/专名，建议保留,
原作コラボ,原作合作,原作合作,翻译/合并,与“原作合作、原作コラボ”统一为同一简体流派,
远程操作,远程操作,远程操作,保留,已是简体中文或通用规格/专名，建议保留,
约会,约会,约会,保留,已是简体中文或通用规格/专名，建议保留,
約會,約會,约会,简体/写法统一,与“约会、約會、デート”统一为同一简体流派,
孕妇,孕妇,孕妇,保留,已是简体中文或通用规格/专名，建议保留,
孕婦,孕妇,孕妇,简体/写法统一,与“妊婦、孕妇、孕婦”统一为同一简体流派,
孕ませ,孕妇,怀孕,调整现有映射,当前会处理为“孕妇”，建议修正语义或与同义项统一,
运动,运动,运动,保留,已是简体中文或通用规格/专名，建议保留,
运动短裤,运动短裤,运动短裤,保留,已是简体中文或通用规格/专名，建议保留,
运动短裤/灯笼裤,运动短裤/灯笼裤,运动短裤/灯笼裤,保留,已是简体中文或通用规格/专名，建议保留,
运动服,运动服,运动服,保留,已是简体中文或通用规格/专名，建议保留,
运动员,运动员,运动员,保留,已是简体中文或通用规格/专名，建议保留,
運動,运动,运动,翻译/合并,与“运动、運動、スポーツ”统一为同一简体流派,
再會,再會,再会,简体/写法统一,繁体、日文汉字或全角写法统一为简体/半角形式,
早漏,早泄,早泄,翻译/合并,与“早漏、早泄”统一为同一简体流派,
早泄,早泄,早泄,保留,已是简体中文或通用规格/专名，建议保留,
宅男宅女,宅男宅女,宅男宅女,保留,已是简体中文或通用规格/专名，建议保留,
展场女孩,展场女孩,展场女孩,保留,已是简体中文或通用规格/专名，建议保留,
站立位,站立位,站立位,保留,已是简体中文或通用规格/专名，建议保留,
站立性爱,站立性爱,站立性爱,保留,已是简体中文或通用规格/专名，建议保留,
站立性交,站立性交,站立性爱,翻译/合并,与“站立性爱、站立性交”统一为同一简体流派,
长发,长发,长发,保留,已是简体中文或通用规格/专名，建议保留,
长脚,长脚,长脚,保留,已是简体中文或通用规格/专名，建议保留,
长时间,长时间,长时间,保留,已是简体中文或通用规格/专名，建议保留,
长筒袜/丝袜,长筒袜/丝袜,长筒袜/丝袜,保留,已是简体中文或通用规格/专名，建议保留,
長身,高挑,高挑,翻译/合并,与“高、高个子、高挑、長身”统一为同一简体流派,
丈夫,丈夫,丈夫,保留,已是简体中文或通用规格/专名，建议保留,
折磨,折磨,折磨,保留,已是简体中文或通用规格/专名，建议保留,
着物・浴衣,和服/浴衣,和服/浴衣,翻译/合并,与“和服・浴衣、和服/浴衣、着物・浴衣”统一为同一简体流派,
着衣,着装,着装,翻译/合并,与“着衣、着装”统一为同一简体流派,
着装,着装,着装,保留,已是简体中文或通用规格/专名，建议保留,
着エロ,暴露服装,暴露服装,翻译/合并,与“暴露服装、猥褻穿著、着エロ”统一为同一简体流派,
真面目,真面目,认真,翻译/合并,翻译为简体中文或修正不自然写法,
枕営业,枕営业,潜规则,翻译/合并,繁体、日文汉字或全角写法统一为简体/半角形式,
振动,振动,震动玩具,翻译/合并,与“振动、震动玩具”统一为同一简体流派,
震动玩具,震动玩具,震动玩具,保留,已是简体中文或通用规格/专名，建议保留,
正常位,正常位,正常位,保留,已是简体中文或通用规格/专名，建议保留,
正太控,正太控,正太控,保留,已是简体中文或通用规格/专名，建议保留,
职场霸凌,职场霸凌,职场霸凌,保留,已是简体中文或通用规格/专名，建议保留,
职场女性,职场女性,职场女性,保留,已是简体中文或通用规格/专名，建议保留,
职业角色,职业角色,职业角色,保留,已是简体中文或通用规格/专名，建议保留,
职员,职员,职员,保留,已是简体中文或通用规格/专名，建议保留,
職業色々,职业角色,职业角色,翻译/合并,与“各種職業、职业角色、職業色々”统一为同一简体流派,
指法/手指插入,指法/手指插入,指法/手指插入,保留,已是简体中文或通用规格/专名，建议保留,
指マン,指法/手指插入,指法/手指插入,翻译/合并,与“手指插入、指法/手指插入、指マン”统一为同一简体流派,
制服,制服,制服,保留,已是简体中文或通用规格/专名，建议保留,
治愈系,治愈系,治愈系,保留,已是简体中文或通用规格/专名，建议保留,
中出,中出,中出,保留,已是简体中文或通用规格/专名，建议保留,
中出し,中出,中出,翻译/合并,与“无套内射、中出、中出し”统一为同一简体流派,
主妇,主妇,主妇,保留,已是简体中文或通用规格/专名，建议保留,
主观口交,主观口交,主观口交,保留,已是简体中文或通用规格/专名，建议保留,
主观视角,第一视角,第一视角,翻译/合并,与“第一人称视角、第一人稱攝影、第一视角、主观视角”等统一为同一简体流派,
主観,第一视角,第一视角,翻译/合并,与“第一人称视角、第一人稱攝影、第一视角、主观视角”等统一为同一简体流派,
主観视点,主観视点,第一视角,翻译/合并,与“第一人称视角、第一人稱攝影、第一视角、主观视角”等统一为同一简体流派,
主觀視角,第一视角,第一视角,翻译/合并,与“第一人称视角、第一人稱攝影、第一视角、主观视角”等统一为同一简体流派,
主人,主人,主人,保留,已是简体中文或通用规格/专名，建议保留,
桌上性爱,桌上性爱,桌上性爱,保留,已是简体中文或通用规格/专名，建议保留,
桌子,桌子,桌子,保留,已是简体中文或通用规格/专名，建议保留,
子宫颈,子宫颈,子宫颈,保留,已是简体中文或通用规格/专名，建议保留,
子宮頸,子宫颈,子宫颈,翻译/合并,与“子宫颈、子宮頸、ポルチオ”统一为同一简体流派,
姉・妹,姐妹,姐妹,翻译/合并,与“姐妹、姉・妹”统一为同一简体流派,
自慰,自慰,自慰,保留,已是简体中文或通用规格/专名，建议保留,
自慰辅助,自慰辅助,自慰辅助,保留,已是简体中文或通用规格/专名，建议保留,
自宅,自宅,家中,翻译/合并,与“家中、自宅”统一为同一简体流派,
棕色长发,棕色长发,棕色长发,保留,已是简体中文或通用规格/专名，建议保留,
棕色直发,棕色直发,棕色直发,保留,已是简体中文或通用规格/专名，建议保留,
総集編,総集編,合集,翻译/合并,与“合集、精选合集、総集編、ベスト・総集編”统一为同一简体流派,
走光/内裤走光,走光/内裤走光,走光/内裤走光,保留,已是简体中文或通用规格/专名，建议保留,
足,足,脚,翻译/合并,与“脚、足”统一为同一简体流派,
足交,足交,足交,保留,已是简体中文或通用规格/专名，建议保留,
足控,足控,足控,保留,已是简体中文或通用规格/专名，建议保留,
足コキ,足交,足交,翻译/合并,与“足交、足コキ”统一为同一简体流派,
最佳女演员/合集,最佳女演员/合集,最佳女演员/合集,保留,已是简体中文或通用规格/专名，建议保留,
醉倒,醉倒,醉倒,保留,已是简体中文或通用规格/专名，建议保留,
左右口交,左右口交,双人口交,翻译/合并,语义或来源可能有歧义，建议结合实际影片样本确认,需确认
座布団,座布団,坐垫,翻译/合并,翻译为简体中文或修正不自然写法,
做家务,做家务,做家务,保留,已是简体中文或通用规格/专名，建议保留,
AI生成作品,AI生成作品,AI生成作品,保留,已是简体中文或通用规格/专名，建议保留,
AV OPEN 2014 超重量级,AV OPEN 2014 超重量级,AV OPEN 2014 超重量级,保留,已是简体中文或通用规格/专名，建议保留,
AV OPEN 2014 重量级,AV OPEN 2014 重量级,AV OPEN 2014 重量级,保留,已是简体中文或通用规格/专名，建议保留,
AV OPEN 2015 女优部门,AV OPEN 2015 女优部门,AV OPEN 2015 女优部门,保留,已是简体中文或通用规格/专名，建议保留,
AV OPEN 2015 企画部门,AV OPEN 2015 企画部门,AV OPEN 2015 企画部门,保留,已是简体中文或通用规格/专名，建议保留,
AV OPEN 2015 素人部门,AV OPEN 2015 素人部门,AV OPEN 2015 业余演员部门,翻译/合并,复合名称中的日语词“素人”整体翻译为简体中文,
AV OPEN 2015 SM,AV OPEN 2015 SM,AV OPEN 2015 SM,保留,已是简体中文或通用规格/专名，建议保留,
AV女優,女优,女优,翻译/合并,与“女演员、女优、女优物、女優”等统一为同一简体流派,
AVOPEN2016剧情/纪录片部门,AVOPEN2016剧情/纪录片部门,AVOPEN2016剧情/纪录片部门,保留,已是简体中文或通用规格/专名，建议保留,
AVOPEN2016恋物癖部门,AVOPEN2016恋物癖部门,AVOPEN2016恋物癖部门,保留,已是简体中文或通用规格/专名，建议保留,
AVOPEN2016女优部门,AVOPEN2016女优部门,AVOPEN2016女优部门,保留,已是简体中文或通用规格/专名，建议保留,
AVOPEN2016女優部門,AVOPEN2016女优部门,AVOPEN2016女优部门,翻译/合并,与“AVOPEN2016女优部门、AVOPEN2016女優部門”统一为同一简体流派,
AVOPEN2016企划部门,AVOPEN2016企划部门,AVOPEN2016企划部门,保留,已是简体中文或通用规格/专名，建议保留,
AVOPEN2016企画部门,AVOPEN2016企画部门,AVOPEN2016企画部门,保留,已是简体中文或通用规格/专名，建议保留,
AVOPEN2016人妻·熟女部门,AVOPEN2016人妻·熟女部门,AVOPEN2016人妻·熟女部门,保留,已是简体中文或通用规格/专名，建议保留,
AVOPEN2016素人部门,AVOPEN2016素人部门,AVOPEN2016素人部门,保留,已是简体中文或通用规格/专名，建议保留,
AVOPEN2016综艺部门,AVOPEN2016综艺部门,AVOPEN2016综艺部门,保留,已是简体中文或通用规格/专名，建议保留,
D罩杯,D罩杯,D罩杯,保留,已是简体中文或通用规格/专名，建议保留,
DMM独家,DMM独家,DMM独家,保留,已是简体中文或通用规格/专名，建议保留,
DMM獨家,DMM独家,DMM独家,简体/写法统一,与“独占配信、DMM独家、DMM獨家、DMM配信限定”统一为同一简体流派,
DMM配信限定,DMM独家,DMM独家,翻译/合并,与“独占配信、DMM独家、DMM獨家、DMM配信限定”统一为同一简体流派,
DVD多士炉,DVD多士炉,DVD多士炉,保留,语义或来源可能有歧义，建议结合实际影片样本确认,需确认
DVD多士爐,DVD多士炉,DVD多士炉,简体/写法统一,语义或来源可能有歧义，建议结合实际影片样本确认,需确认
DVDトースター,DVD多士炉,DVD多士炉,翻译/合并,语义或来源可能有歧义，建议结合实际影片样本确认,需确认
Dカップ,D罩杯,D罩杯,翻译/合并,与“D罩杯、Dカップ”统一为同一简体流派,
E罩杯,E罩杯,E罩杯,保留,已是简体中文或通用规格/专名，建议保留,
Eカップ,E罩杯,E罩杯,翻译/合并,与“E罩杯、Eカップ”统一为同一简体流派,
F罩杯,F罩杯,F罩杯,保留,已是简体中文或通用规格/专名，建议保留,
Fカップ,F罩杯,F罩杯,翻译/合并,与“F罩杯、Fカップ”统一为同一简体流派,
G罩杯,G罩杯,G罩杯,保留,已是简体中文或通用规格/专名，建议保留,
Gカップ,G罩杯,G罩杯,翻译/合并,与“G罩杯、Gカップ”统一为同一简体流派,
How To,教学,教学,翻译/合并,与“教学、How To、HowTo”统一为同一简体流派,
HowTo,教学,教学,翻译/合并,与“教学、How To、HowTo”统一为同一简体流派,
Hカップ,H罩杯,H罩杯,翻译/合并,翻译为简体中文或修正不自然写法,
M男,受虐,受虐男,调整现有映射,当前会处理为“受虐”，建议修正语义或与同义项统一,
M女,受虐,受虐女性,调整现有映射,当前会处理为“受虐”，建议修正语义或与同义项统一,
MGS独家花絮,MGS独家花絮,MGS独家花絮,保留,已是简体中文或通用规格/专名，建议保留,
MGSだけのおまけ映像付き,MGS独家花絮,MGS独家花絮,翻译/合并,与“MGS独家花絮、MGSだけのおまけ映像付き”统一为同一简体流派,
OL,职场女性,职场女性,翻译/合并,与“职场女性、OL、スーツ、ビジネススーツ”统一为同一简体流派,
S级女优,S级女优,S级女优,保留,已是简体中文或通用规格/专名，建议保留,
SF,科幻,科幻,翻译/合并,与“科幻、SF”统一为同一简体流派,
SM,SM,SM,保留,已是简体中文或通用规格/专名，建议保留,
SM拘束,SM束缚,SM束缚,翻译/合并,与“SM拘束、SM束缚”统一为同一简体流派,
SM束缚,SM束缚,SM束缚,保留,已是简体中文或通用规格/专名，建议保留,
VIP,VIP,VIP,保留,已是简体中文或通用规格/专名，建议保留,
VR,VR,VR,保留,已是简体中文或通用规格/专名，建议保留,
VR専用,VR,VR,翻译/合并,与“虚拟现实、VR、VR専用”统一为同一简体流派,
アイドル,偶像艺人,偶像艺人,翻译/合并,与“偶像、偶像艺人、偶像藝人、アイドル”等统一为同一简体流派,
アイドル・芸能人,偶像艺人,偶像艺人,翻译/合并,与“偶像、偶像艺人、偶像藝人、アイドル”等统一为同一简体流派,
アクション・格闘,格斗,格斗,翻译/合并,与“格斗、格鬥家、アクション・格闘”统一为同一简体流派,
アクメ,アクメ,高潮,翻译/合并,与“高潮、アクメ、アクメ・オーガズム”统一为同一简体流派,
アクメ・オーガズム,高潮,高潮,翻译/合并,与“高潮、アクメ、アクメ・オーガズム”统一为同一简体流派,
アスリート,运动员,运动员,翻译/合并,与“运动员、アスリート”统一为同一简体流派,
アナル,肛交,肛交,翻译/合并,与“肛交、肛内中出、アナル、アナル中出し”等统一为同一简体流派,
アナル中出し,肛交,肛交,翻译/合并,与“肛交、肛内中出、アナル、アナル中出し”等统一为同一简体流派,
アナルセックス,肛交,肛交,翻译/合并,与“肛交、肛内中出、アナル、アナル中出し”等统一为同一简体流派,
アナルセックス（男の娘）,アナルセックス(男の娘),伪娘肛交,翻译/合并,繁体、日文汉字或全角写法统一为简体/半角形式,
アナルバック,アナルバック,后入肛交,翻译/合并,翻译为简体中文或修正不自然写法,
アナルマンコ同時挿入,アナルマンコ同时挿入,双穴同插,翻译/合并,与“二穴挿入、二穴同插、二穴同入、アナルマンコ同時挿入”统一为同一简体流派,
イタズラ,恶作剧,恶作剧,翻译/合并,与“恶作剧、惡作劇、イタズラ”统一为同一简体流派,
イメージビデオ,介绍/预告,形象视频,调整现有映射,当前会处理为“介绍/预告”，建议修正语义或与同义项统一,
イラマチオ,深喉,深喉,翻译/合并,与“深喉、イラマチオ”统一为同一简体流派,
インストラクター,讲师,讲师,翻译/合并,与“讲师、講師、インストラクター”统一为同一简体流派,
インディーズ,独立制作,独立制作,翻译/合并,与“独立制作、インディーズ”统一为同一简体流派,
ウェイトレス,服务生,服务生,翻译/合并,与“服务生、服務生、ウェイトレス”统一为同一简体流派,
エステ,美容院/按摩,美容院/按摩,翻译/合并,与“美容院、美容院/按摩、エステ、エステ・マッサージ”统一为同一简体流派,
エステ・マッサージ,美容院/按摩,美容院/按摩,翻译/合并,与“美容院、美容院/按摩、エステ、エステ・マッサージ”统一为同一简体流派,
エプロン,エプロン,围裙,翻译/合并,与“圍裙、エプロン”统一为同一简体流派,
エマニエル,艾曼纽,艾曼纽,翻译/合并,与“艾曼纽、エマニエル”统一为同一简体流派,
お風呂,浴室,浴室,翻译/合并,与“风呂、浴室、お風呂”统一为同一简体流派,
お尻,お尻,臀部,翻译/合并,与“尻フェチ、屁股、臀部、お尻”统一为同一简体流派,
お母さん,母亲,母亲,翻译/合并,与“媽媽、母亲、母親、お母さん”统一为同一简体流派,
お嬢様・令嬢,年轻女士,年轻女士,翻译/合并,繁体、日文汉字或全角写法统一为简体/半角形式,
お婆ちゃん,奶奶,奶奶,翻译/合并,与“奶奶、お婆ちゃん”统一为同一简体流派,
お爺ちゃん,爷爷,爷爷,翻译/合并,与“爷爷、お爺ちゃん”统一为同一简体流派,
お姉さん,轻熟女/姐姐,轻熟女/姐姐,翻译/合并,与“姐姐、轻熟女/姐姐、お姉さん”统一为同一简体流派,
オイルプレイ,油浴游戏,油浴游戏,翻译/合并,与“油浴游戏、オイルプレイ”统一为同一简体流派,
オタク,宅男宅女,宅男宅女,翻译/合并,与“宅男宅女、オタク”统一为同一简体流派,
オナサポ,自慰辅助,自慰辅助,翻译/合并,与“自慰辅助、オナサポ”统一为同一简体流派,
オナニー,自慰,自慰,翻译/合并,与“打飞机、打飛機、打手槍、淫荡手淫”等统一为同一简体流派,
オモチャ,玩具,玩具,翻译/合并,与“玩具、オモチャ、おもちゃ”统一为同一简体流派,
おもちゃ,玩具,玩具,翻译/合并,与“玩具、オモチャ、おもちゃ”统一为同一简体流派,
カーセックス,车内性爱,车内性爱,翻译/合并,与“车内性爱、汽車性愛、カーセックス”统一为同一简体流派,
カップル,恋爱/情侣,恋爱/情侣,翻译/合并,与“恋爱/情侣、恋愛、戀愛、情侶”等统一为同一简体流派,
キス・接吻,接吻,接吻,翻译/合并,与“接吻、キス・接吻”统一为同一简体流派,
キャバ嬢・風俗嬢,风俗娘/性工作者,风俗娘/性工作者,翻译/合并,与“风俗娘/性工作者、風俗、妓女、キャバ嬢・風俗嬢”统一为同一简体流派,
ギャル,辣妹,辣妹,翻译/合并,与“辣妹、ギャル、ギャル系”统一为同一简体流派,
ギャル系,ギャル系,辣妹,翻译/合并,与“辣妹、ギャル、ギャル系”统一为同一简体流派,
キャンギャル,展场女孩,展场女孩,翻译/合并,与“展场女孩、キャンギャル”统一为同一简体流派,
ギリモザ,薄码,薄码,翻译/合并,与“薄码、薄馬賽克、ギリモザ”统一为同一简体流派,
くすぐり,瘙痒,瘙痒,翻译/合并,与“瘙痒、瘙癢、くすぐり”统一为同一简体流派,
クスコ,器械,器械,翻译/合并,与“器械、クスコ”统一为同一简体流派,
クンニ,舔阴,舔阴,翻译/合并,与“舔阴、舔陰、クンニ”统一为同一简体流派,
ゲイ・ホモ,男同性恋,男同性恋,翻译/合并,繁体、日文汉字或全角写法统一为简体/半角形式,
ゲロ,呕吐,呕吐,翻译/合并,与“呕吐、ゲロ”统一为同一简体流派,
コスプレ,角色扮演,角色扮演,翻译/合并,与“角色扮演、コスプレ”统一为同一简体流派,
ごっくん,吞精,吞精,翻译/合并,与“喝口水、精饮、吞精、ごっくん”统一为同一简体流派,
コンパニオン,伴侣,伴侣,翻译/合并,与“伴侣、コンパニオン”统一为同一简体流派,
シックスナイン,69,69,翻译/合并,与“69、六九式、シックスナイン”统一为同一简体流派,
ショートヘアー,短发,短发,翻译/合并,与“短发、ショートヘアー”统一为同一简体流派,
ショタ,正太控,正太控,翻译/合并,与“正太控、ショタ”统一为同一简体流派,
スーツ,职场女性,职场女性,翻译/合并,与“职场女性、OL、スーツ、ビジネススーツ”统一为同一简体流派,
スカトロ,粪便,粪便,翻译/合并,与“粪便、スカトロ”统一为同一简体流派,
スチュワーデス,空姐,空姐,翻译/合并,与“空姐、空中小姐、スチュワーデス”统一为同一简体流派,
スパンキング,打屁股,打屁股,翻译/合并,与“打屁股、スパンキング”统一为同一简体流派,
スポーツ,运动,运动,翻译/合并,与“运动、運動、スポーツ”统一为同一简体流派,
スレンダー,苗条,苗条,翻译/合并,与“苗条、苗條、スレンダー”统一为同一简体流派,
スワッピング・夫婦交換,交换伴侣,交换伴侣,翻译/合并,与“换妻俱乐部、交换伴侣、スワッピング・夫婦交換”统一为同一简体流派,
セーラー服,水手服,水手服,翻译/合并,与“水手服、セーラー服”统一为同一简体流派,
セクシー,性感,性感,翻译/合并,与“性感、性感的、セクシー”统一为同一简体流派,
セット商品,系列合集,系列合集,翻译/合并,翻译为简体中文或修正不自然写法,
セレブ,名人,名人,翻译/合并,与“名人、セレブ”统一为同一简体流派,
ソープ,泡泡浴,泡泡浴,翻译/合并,与“泡泡浴、ソープ”统一为同一简体流派,
その他フェチ,其他恋物癖,其他恋物癖,翻译/合并,与“其他恋物癖、其他戀物癖、その他フェチ”统一为同一简体流派,
ダーク系,黑暗系,黑暗系,翻译/合并,与“黑暗系、黑暗系統、ダーク系”统一为同一简体流派,
タレント,タレント,艺人,翻译/合并,与“艺人、タレント”统一为同一简体流派,
ダンス,跳舞,跳舞,翻译/合并,与“跳、跳舞、ダンス”统一为同一简体流派,
チアガール,啦啦队,啦啦队,翻译/合并,与“啦啦队、チアガール”统一为同一简体流派,
ツンデレ,傲娇,傲娇,翻译/合并,与“傲娇、蠻橫嬌羞、ツンデレ”统一为同一简体流派,
デート,约会,约会,翻译/合并,与“约会、約會、デート”统一为同一简体流派,
ディルド,假阳具,假阳具,翻译/合并,与“假阳具、ディルド”统一为同一简体流派,
デカチン,巨根,巨根,翻译/合并,与“巨根、デカチン、デカチン・巨根”统一为同一简体流派,
デカチン・巨根,巨根,巨根,翻译/合并,与“巨根、デカチン、デカチン・巨根”统一为同一简体流派,
デジモ,数码马赛克,数码马赛克,翻译/合并,与“数码马赛克、數位馬賽克、デジモ”统一为同一简体流派,
デビュー作品,出道,出道,翻译/合并,与“出道、初登場、处女作、首次亮相”等统一为同一简体流派,
ドール,娃娃,娃娃,翻译/合并,与“娃娃、ドール”统一为同一简体流派,
ドキュメンタリー,纪录片,纪录片,翻译/合并,与“纪录片、ドキュメンタリー、ドキュメント”统一为同一简体流派,
ドキュメント,纪录片,纪录片,翻译/合并,与“纪录片、ドキュメンタリー、ドキュメント”统一为同一简体流派,
ドラッグ,药物,药物,翻译/合并,与“药物、藥物、ドラッグ”统一为同一简体流派,
ドラマ,剧情,剧情,翻译/合并,与“剧情、戲劇、ドラマ”统一为同一简体流派,
ナンパ,猎艳,猎艳,翻译/合并,与“猎艳、獵豔、ナンパ”统一为同一简体流派,
ニーソックス,及膝袜,及膝袜,翻译/合并,与“及膝袜、及膝襪、ニーソックス”统一为同一简体流派,
ニューハーフ,跨性别/变性者,跨性别/变性者,翻译/合并,与“變性者、跨性别/变性者、ニューハーフ”统一为同一简体流派,
ネコミミ・獣系,猫耳女,猫耳女,翻译/合并,与“猫耳女、ネコミミ・獣系”统一为同一简体流派,
ノーパン,不穿内裤,不穿内裤,翻译/合并,与“不穿内裤、ノーパン”统一为同一简体流派,
ノーブラ,不穿胸罩,不穿胸罩,翻译/合并,与“不穿胸罩、ノーブラ”统一为同一简体流派,
ハーレム,后宫,后宫,翻译/合并,与“后宫、ハーレム”统一为同一简体流派,
ハイクオリティVR,高品质VR,高品质VR,翻译/合并,与“高品质VR、ハイクオリティVR”统一为同一简体流派,
パイズリ,乳交,乳交,翻译/合并,与“乳交、パイズリ”统一为同一简体流派,
パイパン,无毛,无毛,翻译/合并,与“白虎、无毛、無毛、パイパン”统一为同一简体流派,
ハイビジョン,高清,高清,翻译/合并,与“高畫質、高清、ハイビジョン、フルハイビジョン(FHD)”统一为同一简体流派,
バイブ,按摩棒,按摩棒,翻译/合并,与“按摩棒、バイブ”统一为同一简体流派,
バス,バス,公交车,翻译/合并,语义或来源可能有歧义，建议结合实际影片样本确认,需确认
バック,后入式,后入式,翻译/合并,与“背后插入、后背位、后入式、バック”统一为同一简体流派,
バニーガール,兔女郎,兔女郎,翻译/合并,与“兔女郎、バニーガール”统一为同一简体流派,
ハメ撮り,第一视角,第一视角,翻译/合并,与“第一人称视角、第一人稱攝影、第一视角、主观视角”等统一为同一简体流派,
パンスト,连裤袜/丝袜,连裤袜/丝袜,翻译/合并,与“连裤袜/丝袜、連褲襪、パンスト”统一为同一简体流派,
パンストモノ,丝袜,丝袜,翻译/合并,翻译为简体中文或修正不自然写法,
パンチラ,走光/内裤走光,走光/内裤走光,翻译/合并,与“走光/内裤走光、パンチラ”统一为同一简体流派,
ビジネススーツ,职场女性,职场女性,翻译/合并,与“职场女性、OL、スーツ、ビジネススーツ”统一为同一简体流派,
ピチピチ,ピチピチ,紧身,翻译/合并,语义或来源可能有歧义，建议结合实际影片样本确认,需确认
ビッチ,淫乱,淫乱,翻译/合并,与“蕩婦、花癡、淫乱、淫乱・ハード系”等统一为同一简体流派,
ファン感謝・訪問,粉丝答谢,粉丝答谢,翻译/合并,与“粉丝答谢、感谢祭、ファン感謝・訪問”统一为同一简体流派,
ファンタジー,幻想,幻想,翻译/合并,与“幻想、ファンタジー”统一为同一简体流派,
フィスト,拳交,拳交,翻译/合并,与“拳交、フィスト”统一为同一简体流派,
フェチ,恋物癖,恋物癖,翻译/合并,与“恋物癖、フェチ”统一为同一简体流派,
フェラ,口交,口交,翻译/合并,与“口交、フェラ、フェラモノ”统一为同一简体流派,
フェラモノ,口交,口交,翻译/合并,与“口交、フェラ、フェラモノ”统一为同一简体流派,
ふたなり,双性人,双性人,翻译/合并,与“双性人、ふたなり”统一为同一简体流派,
ぶっかけ,颜射,颜射,翻译/合并,与“颜射、顏射、顔射、ぶっかけ”统一为同一简体流派,
フルハイビジョン(FHD),高清,高清,翻译/合并,与“高畫質、高清、ハイビジョン、フルハイビジョン(FHD)”统一为同一简体流派,
ベスト・総集編,合集,合集,翻译/合并,与“合集、精选合集、総集編、ベスト・総集編”统一为同一简体流派,
ヘルス・ソープ,风俗/泡泡浴,风俗/泡泡浴,翻译/合并,与“风俗/泡泡浴、ヘルス・ソープ”统一为同一简体流派,
ぽっちゃり,丰满,丰满,翻译/合并,与“丰满、ぽっちゃり”统一为同一简体流派,
ボディコン,紧身裙,紧身裙,翻译/合并,与“紧身裙、ボディコン”统一为同一简体流派,
ホテル,酒店,酒店,翻译/合并,与“酒店、ホテル”统一为同一简体流派,
ポルチオ,子宫颈,子宫颈,翻译/合并,与“子宫颈、子宮頸、ポルチオ”统一为同一简体流派,
ボンテージ,捆绑,捆绑,翻译/合并,与“绑缚、縛り・緊縛、龟甲捆绑、紧缚”等统一为同一简体流派,
マッサージ,按摩,按摩,翻译/合并,与“按摩、マッサージ”统一为同一简体流派,
ママ友,妈妈朋友,妈妈朋友,翻译/合并,与“妈妈朋友、ママ友”统一为同一简体流派,
ミニ系,迷你,迷你,翻译/合并,与“迷你、ミニ系”统一为同一简体流派,
ミニ系・小柄,娇小,娇小,翻译/合并,与“娇小、嬌小的、瘦小身型、ミニ系・小柄”统一为同一简体流派,
ミニスカ,迷你裙,迷你裙,翻译/合并,与“迷你裙、ミニスカ”统一为同一简体流派,
メイド,女佣,女佣,翻译/合并,与“女仆、女佣、女傭、メイド”统一为同一简体流派,
メガネ,眼镜,眼镜,翻译/合并,与“眼镜、眼镜娘、眼鏡、メガネ”等统一为同一简体流派,
めがね,眼镜,眼镜,翻译/合并,与“眼镜、眼镜娘、眼鏡、メガネ”等统一为同一简体流派,
モデル,模特,模特,翻译/合并,与“模特、模特兒、モデル、モデル系”统一为同一简体流派,
モデル系,モデル系,模特,翻译/合并,与“模特、模特兒、モデル、モデル系”统一为同一简体流派,
ヨガ,瑜伽,瑜伽,翻译/合并,与“瑜伽、ヨガ”统一为同一简体流派,
ランジェリー,内衣,内衣,翻译/合并,与“內衣、内衣、ランジェリー”统一为同一简体流派,
ルーズソックス,泡泡袜,泡泡袜,翻译/合并,与“泡泡袜、泡泡襪、ルーズソックス”统一为同一简体流派,
レースクィーン,赛车女郎,赛车女郎,翻译/合并,与“赛车女郎、賽車女郎、レースクィーン”统一为同一简体流派,
レオタード,紧身衣,紧身衣,翻译/合并,与“紧身衣、緊身衣、レオタード”统一为同一简体流派,
レズ,女同性恋,女同性恋,翻译/合并,与“女同性恋、女同性戀、レズ”统一为同一简体流派,
レズキス,女同接吻,女同接吻,翻译/合并,与“女同接吻、レズキス”统一为同一简体流派,
ローション,润滑油,润滑油,翻译/合并,与“乳液、润滑剂、润滑油、ローション”等统一为同一简体流派,
ローション・オイル,润滑油,润滑油,翻译/合并,与“乳液、润滑剂、润滑油、ローション”等统一为同一简体流派,
ローター,跳蛋,跳蛋,翻译/合并,与“跳蛋、ローター”统一为同一简体流派,
ロリ,萝莉塔,萝莉塔,翻译/合并,与“萝莉塔、蘿莉塔、ロリ、ロリ系”统一为同一简体流派,
ロリ系,萝莉塔,萝莉塔,翻译/合并,与“萝莉塔、蘿莉塔、ロリ、ロリ系”统一为同一简体流派,
